ratio_id,category,sub_category,ratio_name_ko,ratio_name_en,formula_text,numerator_term_orig,numerator_item_code,numerator_item_name,numerator_statement_source,numerator_lag,numerator_is_average,numerator_is_growth,numerator_status,numerator_derived_formula,numerator_derived_components,denominator_term_orig,denominator_item_code,denominator_item_name,denominator_statement_source,denominator_lag,denominator_is_average,denominator_is_growth,denominator_status,denominator_derived_formula,denominator_derived_components,requires_lag,requires_average_denominator,requires_growth_base,unit_output,expected_good_direction,denominator_zero_policy,negative_denominator_policy,priority,availability_status,notes,duplicate_alias_of,duplicate_alias_type,duplicate_alias_reason,duplicate_alias_source,duplicate_alias_policy_note,stage3_exclude,formula_item_code_fingerprint,is_canonical_ratio,canonical_ratio_id
R001,수익성,수익률/마진,매출총이익률,,매출총이익 / 매출액,매출총이익,U01B201014400,매출총이익(손실)(IFRS)(천원)   매출총이익(손실)(IFRS)(천원)(IFRS)(천원),손익계산서,0,False,False,mapped,,,매출액,U01B100000000,매출액(수익)(IFRS)(천원)   매출액(수익)(IFRS)(천원)(IFRS)(천원),손익계산서,0,False,False,mapped,,,False,False,False,%,높을수록 우량,NaN,compute_with_flag,확장,available_direct,,,,,,,False,U01B201014400|U01B100000000,True,R001
R002,수익성,수익률/마진,영업이익률,,영업이익 / 매출액,영업이익,U01B430000000,* (정상)영업손익(계산수치)(IFRS)(천원)   * (정상)영업손익(계산수치)(IFRS)(천원)(IFRS)(천원),손익계산서,0,False,False,mapped,,,매출액,U01B100000000,매출액(수익)(IFRS)(천원)   매출액(수익)(IFRS)(천원)(IFRS)(천원),손익계산서,0,False,False,mapped,,,False,False,False,%,높을수록 우량,NaN,compute_with_flag,핵심,available_direct,,,,,,,False,U01B430000000|U01B100000000,True,R002
R003,수익성,수익률/마진,정상영업이익률,,정상영업이익 / 매출액,정상영업이익,U01B430000000,* (정상)영업손익(계산수치)(IFRS)(천원)   * (정상)영업손익(계산수치)(IFRS)(천원)(IFRS)(천원),손익계산서,0,False,False,mapped,,,매출액,U01B100000000,매출액(수익)(IFRS)(천원)   매출액(수익)(IFRS)(천원)(IFRS)(천원),손익계산서,0,False,False,mapped,,,False,False,False,%,높을수록 우량,NaN,compute_with_flag,확장,available_direct,,R002,exact_value_alias,정상영업이익률 maps to the same executable formula as 영업이익률 in the current source mapping.,duplicate audit / exact-value or formula-equivalent review,Keep alias in Stage 2 audit outputs; exclude from Stage 3 final selection; canonicalize for simulator/evaluator.,True,U01B430000000|U01B100000000,False,R002
R004,수익성,수익률/마진,EBIT마진,,EBIT / 매출액,EBIT,U01B430000000,EBIT,DERIVED,0,False,False,derivable,영업이익,영업이익,매출액,U01B100000000,매출액(수익)(IFRS)(천원)   매출액(수익)(IFRS)(천원)(IFRS)(천원),손익계산서,0,False,False,mapped,,,False,False,False,%,높을수록 우량,NaN,compute_with_flag,확장,available_derived,,R002,exact_value_alias,EBIT마진 maps to the same executable formula as 영업이익률 in the current source mapping.,duplicate audit / exact-value or formula-equivalent review,Keep alias in Stage 2 audit outputs; exclude from Stage 3 final selection; canonicalize for simulator/evaluator.,True,U01B430000000|U01B100000000|영업이익,False,R002
R005,수익성,수익률/마진,EBITDA마진,,EBITDA / 매출액,EBITDA,U01B430000000+U01B350014100+U01B350014300,EBITDA,DERIVED,0,False,False,derivable,영업이익 + 감가상각비 + 무형자산상각비,영업이익|감가상각비|무형자산상각비,매출액,U01B100000000,매출액(수익)(IFRS)(천원)   매출액(수익)(IFRS)(천원)(IFRS)(천원),손익계산서,0,False,False,mapped,,,False,False,False,%,높을수록 우량,NaN,compute_with_flag,핵심,available_derived,,,,,,,False,U01B430000000+U01B350014100+U01B350014300|U01B100000000|영업이익|감가상각비|무형자산상각비,True,R005
R006,수익성,수익률/마진,세전이익률,,법인세차감전순이익 / 매출액,법인세차감전순이익,U01B700000000,법인세비용차감전순이익(손실)(IFRS)(천원)   법인세비용차감전순이익(손실)(IFRS)(천원)(IFRS)(천원),손익계산서,0,False,False,mapped,,,매출액,U01B100000000,매출액(수익)(IFRS)(천원)   매출액(수익)(IFRS)(천원)(IFRS)(천원),손익계산서,0,False,False,mapped,,,False,False,False,%,높을수록 우량,NaN,compute_with_flag,확장,available_direct,,,,,,,False,U01B700000000|U01B100000000,True,R006
R007,수익성,수익률/마진,순이익률,,당기순이익 / 매출액,당기순이익,U01B840000000,당기순이익(손실)(IFRS)(천원)   당기순이익(손실)(IFRS)(천원)(IFRS)(천원),손익계산서,0,False,False,mapped,,,매출액,U01B100000000,매출액(수익)(IFRS)(천원)   매출액(수익)(IFRS)(천원)(IFRS)(천원),손익계산서,0,False,False,mapped,,,False,False,False,%,높을수록 우량,NaN,compute_with_flag,확장,available_direct,,,,,,,False,U01B840000000|U01B100000000,True,R007
R008,수익성,수익률/마진,계속사업이익률,,계속사업이익 / 매출액,계속사업이익,U01B800000000,계속영업이익(손실)(IFRS)(천원)   계속영업이익(손실)(IFRS)(천원)(IFRS)(천원),손익계산서,0,False,False,mapped,,,매출액,U01B100000000,매출액(수익)(IFRS)(천원)   매출액(수익)(IFRS)(천원)(IFRS)(천원),손익계산서,0,False,False,mapped,,,False,False,False,%,높을수록 우량,NaN,compute_with_flag,확장,available_direct,,,,,,,False,U01B800000000|U01B100000000,True,R008
R009,수익성,수익률/마진,총포괄이익률,,총포괄이익 / 매출액,총포괄이익,U01B900000000,총포괄손익(IFRS)(천원)   총포괄손익(IFRS)(천원)(IFRS)(천원),손익계산서,0,False,False,mapped,,,매출액,U01B100000000,매출액(수익)(IFRS)(천원)   매출액(수익)(IFRS)(천원)(IFRS)(천원),손익계산서,0,False,False,mapped,,,False,False,False,%,높을수록 우량,NaN,compute_with_flag,확장,available_direct,,,,,,,False,U01B900000000|U01B100000000,True,R009
R010,수익성,수익률/마진,영업현금흐름마진,,영업활동현금흐름 / 매출액,영업활동현금흐름,U01D100000000,영업활동으로 인한 현금흐름(간접법)(IFRS)(천원)   영업활동으로 인한 현금흐름(간접법)(IFRS)(천원)(IFRS)(천원),현금흐름표,0,False,False,mapped,,,매출액,U01B100000000,매출액(수익)(IFRS)(천원)   매출액(수익)(IFRS)(천원)(IFRS)(천원),손익계산서,0,False,False,mapped,,,False,False,False,%,높을수록 우량,NaN,compute_with_flag,핵심,available_direct,,,,,,,False,U01D100000000|U01B100000000,True,R010
R012,수익성,수익률/마진,매출총이익/총자산,,매출총이익 / 평균총자산,매출총이익,U01B201014400,매출총이익(손실)(IFRS)(천원)   매출총이익(손실)(IFRS)(천원)(IFRS)(천원),손익계산서,0,False,False,mapped,,,평균총자산,U01A100000000,자산(IFRS)(천원)   자산(IFRS)(천원)(IFRS)(천원),재무상태표,0,True,False,mapped,,,True,True,False,%,높을수록 우량,NaN,compute_with_flag,확장,available_with_lag,,,,,,,False,U01B201014400|U01A100000000,True,R012
R013,수익성,수익률/마진,영업이익/총자산,,영업이익 / 평균총자산,영업이익,U01B430000000,* (정상)영업손익(계산수치)(IFRS)(천원)   * (정상)영업손익(계산수치)(IFRS)(천원)(IFRS)(천원),손익계산서,0,False,False,mapped,,,평균총자산,U01A100000000,자산(IFRS)(천원)   자산(IFRS)(천원)(IFRS)(천원),재무상태표,0,True,False,mapped,,,True,True,False,%,높을수록 우량,NaN,compute_with_flag,확장,available_with_lag,,,,,,,False,U01B430000000|U01A100000000,True,R013
R014,수익성,수익률/마진,EBIT/총자산,,EBIT / 평균총자산,EBIT,U01B430000000,EBIT,DERIVED,0,False,False,derivable,영업이익,영업이익,평균총자산,U01A100000000,자산(IFRS)(천원)   자산(IFRS)(천원)(IFRS)(천원),재무상태표,0,True,False,mapped,,,True,True,False,%,높을수록 우량,NaN,compute_with_flag,확장,available_derived,,R013,exact_value_alias,EBIT/총자산 maps to the same executable formula as 영업이익/총자산.,duplicate audit / exact-value or formula-equivalent review,Keep alias in Stage 2 audit outputs; exclude from Stage 3 final selection; canonicalize for simulator/evaluator.,True,U01B430000000|U01A100000000|영업이익,False,R013
R015,수익성,수익률/마진,EBITDA/총자산,,EBITDA / 평균총자산,EBITDA,U01B430000000+U01B350014100+U01B350014300,EBITDA,DERIVED,0,False,False,derivable,영업이익 + 감가상각비 + 무형자산상각비,영업이익|감가상각비|무형자산상각비,평균총자산,U01A100000000,자산(IFRS)(천원)   자산(IFRS)(천원)(IFRS)(천원),재무상태표,0,True,False,mapped,,,True,True,False,%,높을수록 우량,NaN,compute_with_flag,확장,available_derived,,,,,,,False,U01B430000000+U01B350014100+U01B350014300|U01A100000000|영업이익|감가상각비|무형자산상각비,True,R015
R016,수익성,수익률/마진,세전이익/총자산,,법인세차감전순이익 / 평균총자산,법인세차감전순이익,U01B700000000,법인세비용차감전순이익(손실)(IFRS)(천원)   법인세비용차감전순이익(손실)(IFRS)(천원)(IFRS)(천원),손익계산서,0,False,False,mapped,,,평균총자산,U01A100000000,자산(IFRS)(천원)   자산(IFRS)(천원)(IFRS)(천원),재무상태표,0,True,False,mapped,,,True,True,False,%,높을수록 우량,NaN,compute_with_flag,확장,available_with_lag,,,,,,,False,U01B700000000|U01A100000000,True,R016
R017,수익성,수익률/마진,당기순이익/총자산(ROA),,당기순이익 / 평균총자산,당기순이익,U01B840000000,당기순이익(손실)(IFRS)(천원)   당기순이익(손실)(IFRS)(천원)(IFRS)(천원),손익계산서,0,False,False,mapped,,,평균총자산,U01A100000000,자산(IFRS)(천원)   자산(IFRS)(천원)(IFRS)(천원),재무상태표,0,True,False,mapped,,,True,True,False,%,높을수록 우량,NaN,compute_with_flag,핵심,available_with_lag,,,,,,,False,U01B840000000|U01A100000000,True,R017
R018,수익성,수익률/마진,총포괄이익/총자산,,총포괄이익 / 평균총자산,총포괄이익,U01B900000000,총포괄손익(IFRS)(천원)   총포괄손익(IFRS)(천원)(IFRS)(천원),손익계산서,0,False,False,mapped,,,평균총자산,U01A100000000,자산(IFRS)(천원)   자산(IFRS)(천원)(IFRS)(천원),재무상태표,0,True,False,mapped,,,True,True,False,%,높을수록 우량,NaN,compute_with_flag,확장,available_with_lag,,,,,,,False,U01B900000000|U01A100000000,True,R018
R019,수익성,수익률/마진,영업현금흐름/총자산,,영업활동현금흐름 / 평균총자산,영업활동현금흐름,U01D100000000,영업활동으로 인한 현금흐름(간접법)(IFRS)(천원)   영업활동으로 인한 현금흐름(간접법)(IFRS)(천원)(IFRS)(천원),현금흐름표,0,False,False,mapped,,,평균총자산,U01A100000000,자산(IFRS)(천원)   자산(IFRS)(천원)(IFRS)(천원),재무상태표,0,True,False,mapped,,,True,True,False,%,높을수록 우량,NaN,compute_with_flag,확장,available_with_lag,,,,,,,False,U01D100000000|U01A100000000,True,R019
R021,수익성,수익률/마진,영업이익/자기자본,,영업이익 / 평균자기자본,영업이익,U01B430000000,* (정상)영업손익(계산수치)(IFRS)(천원)   * (정상)영업손익(계산수치)(IFRS)(천원)(IFRS)(천원),손익계산서,0,False,False,mapped,,,평균자기자본,U01A600000000,자본(IFRS)(천원)   자본(IFRS)(천원)(IFRS)(천원),재무상태표,0,True,False,mapped,,,True,True,False,%,높을수록 우량,NaN,compute_with_flag,확장,available_with_lag,,,,,,,False,U01B430000000|U01A600000000,True,R021
R022,수익성,수익률/마진,당기순이익/자기자본(ROE),,당기순이익 / 평균자기자본,당기순이익,U01B840000000,당기순이익(손실)(IFRS)(천원)   당기순이익(손실)(IFRS)(천원)(IFRS)(천원),손익계산서,0,False,False,mapped,,,평균자기자본,U01A600000000,자본(IFRS)(천원)   자본(IFRS)(천원)(IFRS)(천원),재무상태표,0,True,False,mapped,,,True,True,False,%,높을수록 우량,NaN,compute_with_flag,확장,available_with_lag,,,,,,,False,U01B840000000|U01A600000000,True,R022
R023,수익성,수익률/마진,총포괄이익/자기자본,,총포괄이익 / 평균자기자본,총포괄이익,U01B900000000,총포괄손익(IFRS)(천원)   총포괄손익(IFRS)(천원)(IFRS)(천원),손익계산서,0,False,False,mapped,,,평균자기자본,U01A600000000,자본(IFRS)(천원)   자본(IFRS)(천원)(IFRS)(천원),재무상태표,0,True,False,mapped,,,True,True,False,%,높을수록 우량,NaN,compute_with_flag,확장,available_with_lag,,,,,,,False,U01B900000000|U01A600000000,True,R023
R031,수익성,이익의 질/지속성,현금이익전환율,,영업활동현금흐름 / 당기순이익,영업활동현금흐름,U01D100000000,영업활동으로 인한 현금흐름(간접법)(IFRS)(천원)   영업활동으로 인한 현금흐름(간접법)(IFRS)(천원)(IFRS)(천원),현금흐름표,0,False,False,mapped,,,당기순이익,U01B840000000,당기순이익(손실)(IFRS)(천원)   당기순이익(손실)(IFRS)(천원)(IFRS)(천원),손익계산서,0,False,False,mapped,,,False,False,False,% 또는 배,높을수록 우량,NaN,compute_with_flag,확장,available_direct,,,,,,,False,U01D100000000|U01B840000000,True,R031
R032,수익성,이익의 질/지속성,영업현금흐름/영업이익,,영업활동현금흐름 / 영업이익,영업활동현금흐름,U01D100000000,영업활동으로 인한 현금흐름(간접법)(IFRS)(천원)   영업활동으로 인한 현금흐름(간접법)(IFRS)(천원)(IFRS)(천원),현금흐름표,0,False,False,mapped,,,영업이익,U01B430000000,* (정상)영업손익(계산수치)(IFRS)(천원)   * (정상)영업손익(계산수치)(IFRS)(천원)(IFRS)(천원),손익계산서,0,False,False,mapped,,,False,False,False,% 또는 배,높을수록 우량,NaN,compute_with_flag,확장,available_direct,,,,,,,False,U01D100000000|U01B430000000,True,R032
R033,수익성,이익의 질/지속성,EBITDA 대비 OCF,,영업활동현금흐름 / EBITDA,영업활동현금흐름,U01D100000000,영업활동으로 인한 현금흐름(간접법)(IFRS)(천원)   영업활동으로 인한 현금흐름(간접법)(IFRS)(천원)(IFRS)(천원),현금흐름표,0,False,False,mapped,,,EBITDA,U01B430000000+U01B350014100+U01B350014300,EBITDA,DERIVED,0,False,False,derivable,영업이익 + 감가상각비 + 무형자산상각비,영업이익|감가상각비|무형자산상각비,False,False,False,% 또는 배,높을수록 우량,NaN,compute_with_flag,확장,available_derived,,,,,,,False,U01D100000000|U01B430000000+U01B350014100+U01B350014300|영업이익|감가상각비|무형자산상각비,True,R033
R043,안정성,레버리지/자본구조,부채비율,,부채총계 / 자기자본,부채총계,U01A800000000,부채(IFRS)(천원)   부채(IFRS)(천원)(IFRS)(천원),재무상태표,0,False,False,mapped,,,자기자본,U01A600000000,자본(IFRS)(천원)   자본(IFRS)(천원)(IFRS)(천원),재무상태표,0,False,False,mapped,,,False,False,False,% 또는 dummy,낮을수록 우량,NaN,compute_with_flag,핵심,available_direct,,,,,,,False,U01A800000000|U01A600000000,True,R043
R044,안정성,레버리지/자본구조,총부채/총자산,,부채총계 / 총자산,부채총계,U01A800000000,부채(IFRS)(천원)   부채(IFRS)(천원)(IFRS)(천원),재무상태표,0,False,False,mapped,,,총자산,U01A100000000,자산(IFRS)(천원)   자산(IFRS)(천원)(IFRS)(천원),재무상태표,0,False,False,mapped,,,False,False,False,% 또는 dummy,낮을수록 우량,NaN,compute_with_flag,확장,available_direct,,,,,,,False,U01A800000000|U01A100000000,True,R044
R045,안정성,레버리지/자본구조,자기자본비율,,자기자본 / 총자산,자기자본,U01A600000000,자본(IFRS)(천원)   자본(IFRS)(천원)(IFRS)(천원),재무상태표,0,False,False,mapped,,,총자산,U01A100000000,자산(IFRS)(천원)   자산(IFRS)(천원)(IFRS)(천원),재무상태표,0,False,False,mapped,,,False,False,False,% 또는 dummy,높을수록 우량,NaN,compute_with_flag,핵심,available_direct,,,,,,,False,U01A600000000|U01A100000000,True,R045
R046,안정성,레버리지/자본구조,차입금의존도,,총차입금 / 총자산,총차입금,U01A811026700+U01A811012800+U01A811000000+U01A811027400,총차입금,DERIVED,0,False,False,derivable,단기차입금 + 장기차입금 + 사채 + 유동성장기부채,단기차입금|장기차입금|사채|유동성장기부채,총자산,U01A100000000,자산(IFRS)(천원)   자산(IFRS)(천원)(IFRS)(천원),재무상태표,0,False,False,mapped,,,False,False,False,% 또는 dummy,낮을수록 우량,NaN,compute_with_flag,핵심,available_derived,,,,,,,False,U01A811026700+U01A811012800+U01A811000000+U01A811027400|U01A100000000|단기차입금|장기차입금|사채|유동성장기부채,True,R046
R047,안정성,레버리지/자본구조,순차입금의존도,,순차입금 / 총자산,순차입금,U01A811026700+U01A811012800+U01A811000000+U01A111050000+U01A811027400,순차입금,DERIVED,0,False,False,derivable,총차입금 - 현금및현금성자산,단기차입금|장기차입금|사채|현금및현금성자산|유동성장기부채,총자산,U01A100000000,자산(IFRS)(천원)   자산(IFRS)(천원)(IFRS)(천원),재무상태표,0,False,False,mapped,,,False,False,False,% 또는 dummy,낮을수록 우량,NaN,compute_with_flag,확장,available_derived,,,,,,,False,U01A811026700+U01A811012800+U01A811000000+U01A111050000+U01A811027400|U01A100000000|단기차입금|장기차입금|사채|현금및현금성자산|유동성장기부채,True,R047
R048,안정성,레버리지/자본구조,유이자부채/총자산,,유이자부채 / 총자산,유이자부채,U01A811026700+U01A811012800+U01A811000000,유이자부채,DERIVED,0,False,False,derivable,단기차입금 + 장기차입금 + 사채,단기차입금|장기차입금|사채,총자산,U01A100000000,자산(IFRS)(천원)   자산(IFRS)(천원)(IFRS)(천원),재무상태표,0,False,False,mapped,,,False,False,False,% 또는 dummy,낮을수록 우량,NaN,compute_with_flag,확장,available_derived,,,,,,,False,U01A811026700+U01A811012800+U01A811000000|U01A100000000|단기차입금|장기차입금|사채,True,R048
R049,안정성,레버리지/자본구조,금융부채/총부채,,금융부채 / 부채총계,금융부채,U01A811026700+U01A811012800+U01A811000000,금융부채,DERIVED,0,False,False,derivable,단기차입금 + 장기차입금 + 사채 (= 유이자부채),단기차입금|장기차입금|사채,부채총계,U01A800000000,부채(IFRS)(천원)   부채(IFRS)(천원)(IFRS)(천원),재무상태표,0,False,False,mapped,,,False,False,False,% 또는 dummy,낮을수록 우량,NaN,compute_with_flag,확장,available_derived,,,,,,,False,U01A811026700+U01A811012800+U01A811000000|U01A800000000|단기차입금|장기차입금|사채,True,R049
R050,안정성,레버리지/자본구조,총차입금/자기자본,,총차입금 / 자기자본,총차입금,U01A811026700+U01A811012800+U01A811000000+U01A811027400,총차입금,DERIVED,0,False,False,derivable,단기차입금 + 장기차입금 + 사채 + 유동성장기부채,단기차입금|장기차입금|사채|유동성장기부채,자기자본,U01A600000000,자본(IFRS)(천원)   자본(IFRS)(천원)(IFRS)(천원),재무상태표,0,False,False,mapped,,,False,False,False,% 또는 dummy,낮을수록 우량,NaN,compute_with_flag,확장,available_derived,,,,,,,False,U01A811026700+U01A811012800+U01A811000000+U01A811027400|U01A600000000|단기차입금|장기차입금|사채|유동성장기부채,True,R050
R051,안정성,레버리지/자본구조,순차입금/자기자본,,순차입금 / 자기자본,순차입금,U01A811026700+U01A811012800+U01A811000000+U01A111050000+U01A811027400,순차입금,DERIVED,0,False,False,derivable,총차입금 - 현금및현금성자산,단기차입금|장기차입금|사채|현금및현금성자산|유동성장기부채,자기자본,U01A600000000,자본(IFRS)(천원)   자본(IFRS)(천원)(IFRS)(천원),재무상태표,0,False,False,mapped,,,False,False,False,% 또는 dummy,낮을수록 우량,NaN,compute_with_flag,확장,available_derived,,,,,,,False,U01A811026700+U01A811012800+U01A811000000+U01A111050000+U01A811027400|U01A600000000|단기차입금|장기차입금|사채|현금및현금성자산|유동성장기부채,True,R051
R052,안정성,레버리지/자본구조,유이자부채/자기자본,,유이자부채 / 자기자본,유이자부채,U01A811026700+U01A811012800+U01A811000000,유이자부채,DERIVED,0,False,False,derivable,단기차입금 + 장기차입금 + 사채,단기차입금|장기차입금|사채,자기자본,U01A600000000,자본(IFRS)(천원)   자본(IFRS)(천원)(IFRS)(천원),재무상태표,0,False,False,mapped,,,False,False,False,% 또는 dummy,낮을수록 우량,NaN,compute_with_flag,확장,available_derived,,,,,,,False,U01A811026700+U01A811012800+U01A811000000|U01A600000000|단기차입금|장기차입금|사채,True,R052
R053,안정성,레버리지/자본구조,유동부채비율,,유동부채 / 자기자본,유동부채,U01A811026000,유동부채(IFRS)(천원)      유동부채(IFRS)(천원)(IFRS)(천원),재무상태표,0,False,False,mapped,,,자기자본,U01A600000000,자본(IFRS)(천원)   자본(IFRS)(천원)(IFRS)(천원),재무상태표,0,False,False,mapped,,,False,False,False,% 또는 dummy,낮을수록 우량,NaN,compute_with_flag,확장,available_direct,,,,,,,False,U01A811026000|U01A600000000,True,R053
R054,안정성,레버리지/자본구조,비유동부채비율,,비유동부채 / 자기자본,비유동부채,U01A810000000,비유동부채 (IFRS)(천원)      비유동부채 (IFRS)(천원)(IFRS)(천원),재무상태표,0,False,False,mapped,,,자기자본,U01A600000000,자본(IFRS)(천원)   자본(IFRS)(천원)(IFRS)(천원),재무상태표,0,False,False,mapped,,,False,False,False,% 또는 dummy,낮을수록 우량,NaN,compute_with_flag,확장,available_direct,,,,,,,False,U01A810000000|U01A600000000,True,R054
R055,안정성,레버리지/자본구조,유동부채/총부채,,유동부채 / 부채총계,유동부채,U01A811026000,유동부채(IFRS)(천원)      유동부채(IFRS)(천원)(IFRS)(천원),재무상태표,0,False,False,mapped,,,부채총계,U01A800000000,부채(IFRS)(천원)   부채(IFRS)(천원)(IFRS)(천원),재무상태표,0,False,False,mapped,,,False,False,False,% 또는 dummy,낮을수록 우량,NaN,compute_with_flag,확장,available_direct,,,,,,,False,U01A811026000|U01A800000000,True,R055
R056,안정성,레버리지/자본구조,비유동부채/총부채,,비유동부채 / 부채총계,비유동부채,U01A810000000,비유동부채 (IFRS)(천원)      비유동부채 (IFRS)(천원)(IFRS)(천원),재무상태표,0,False,False,mapped,,,부채총계,U01A800000000,부채(IFRS)(천원)   부채(IFRS)(천원)(IFRS)(천원),재무상태표,0,False,False,mapped,,,False,False,False,% 또는 dummy,상황별,NaN,compute_with_flag,확장,available_direct,,,,,,,False,U01A810000000|U01A800000000,True,R056
R057,안정성,레버리지/자본구조,단기차입금비중,,단기차입금 / 총차입금,단기차입금,U01A811026700,단기차입금(IFRS)(천원)         단기차입금(IFRS)(천원)(IFRS)(천원),재무상태표,0,False,False,mapped,,,총차입금,U01A811026700+U01A811012800+U01A811000000+U01A811027400,총차입금,DERIVED,0,False,False,derivable,단기차입금 + 장기차입금 + 사채 + 유동성장기부채,단기차입금|장기차입금|사채|유동성장기부채,False,False,False,% 또는 dummy,낮을수록 우량,NaN,compute_with_flag,확장,available_derived,,,,,,,False,U01A811026700|U01A811026700+U01A811012800+U01A811000000+U01A811027400|단기차입금|장기차입금|사채|유동성장기부채,True,R057
R058,안정성,레버리지/자본구조,장기차입금비중,,장기차입금 / 총차입금,장기차입금,U01A811012800,장기차입금(IFRS)(천원)         장기차입금(IFRS)(천원)(IFRS)(천원),재무상태표,0,False,False,mapped,,,총차입금,U01A811026700+U01A811012800+U01A811000000+U01A811027400,총차입금,DERIVED,0,False,False,derivable,단기차입금 + 장기차입금 + 사채 + 유동성장기부채,단기차입금|장기차입금|사채|유동성장기부채,False,False,False,% 또는 dummy,높을수록 우량 가능,NaN,compute_with_flag,확장,available_derived,,,,,,,False,U01A811012800|U01A811026700+U01A811012800+U01A811000000+U01A811027400|단기차입금|장기차입금|사채|유동성장기부채,True,R058
R059,안정성,레버리지/자본구조,단기금융부채/총자산,,단기금융부채 / 총자산,단기금융부채,U01A811026700+U01A811027400,단기금융부채,DERIVED,0,False,False,derivable,단기차입금 + 유동성장기부채,단기차입금|유동성장기부채,총자산,U01A100000000,자산(IFRS)(천원)   자산(IFRS)(천원)(IFRS)(천원),재무상태표,0,False,False,mapped,,,False,False,False,% 또는 dummy,낮을수록 우량,NaN,compute_with_flag,확장,available_derived,,,,,,,False,U01A811026700+U01A811027400|U01A100000000|단기차입금|유동성장기부채,True,R059
R060,안정성,레버리지/자본구조,장기금융부채/총자산,,장기금융부채 / 총자산,장기금융부채,U01A811012800+U01A811000000,장기금융부채,DERIVED,0,False,False,derivable,장기차입금 + 사채,장기차입금|사채,총자산,U01A100000000,자산(IFRS)(천원)   자산(IFRS)(천원)(IFRS)(천원),재무상태표,0,False,False,mapped,,,False,False,False,% 또는 dummy,낮을수록 우량 가능,NaN,compute_with_flag,확장,available_derived,,,,,,,False,U01A811012800+U01A811000000|U01A100000000|장기차입금|사채,True,R060
R061,안정성,레버리지/자본구조,순차입금/총차입금,,순차입금 / 총차입금,순차입금,U01A811026700+U01A811012800+U01A811000000+U01A111050000+U01A811027400,순차입금,DERIVED,0,False,False,derivable,총차입금 - 현금및현금성자산,단기차입금|장기차입금|사채|현금및현금성자산|유동성장기부채,총차입금,U01A811026700+U01A811012800+U01A811000000+U01A811027400,총차입금,DERIVED,0,False,False,derivable,단기차입금 + 장기차입금 + 사채 + 유동성장기부채,단기차입금|장기차입금|사채|유동성장기부채,False,False,False,% 또는 dummy,낮을수록 우량,NaN,compute_with_flag,확장,available_derived,,,,,,,False,U01A811026700+U01A811012800+U01A811000000+U01A111050000+U01A811027400|U01A811026700+U01A811012800+U01A811000000+U01A811027400|단기차입금|장기차입금|사채|현금및현금성자산|유동성장기부채|단기차입금|장기차입금|사채|유동성장기부채,True,R061
R063,안정성,레버리지/자본구조,유보율,,이익잉여금 / 자본금,이익잉여금,U01A615000000,이익잉여금(결손금)(IFRS)(천원)      이익잉여금(결손금)(IFRS)(천원)(IFRS)(천원),재무상태표,0,False,False,mapped,,,자본금,U01A611000000,자본금(IFRS)(천원)      자본금(IFRS)(천원)(IFRS)(천원),재무상태표,0,False,False,mapped,,,False,False,False,% 또는 dummy,높을수록 우량,NaN,compute_with_flag,핵심,available_direct,,,,,,,False,U01A615000000|U01A611000000,True,R063
R064,안정성,레버리지/자본구조,이익잉여금/총자산,,이익잉여금 / 총자산,이익잉여금,U01A615000000,이익잉여금(결손금)(IFRS)(천원)      이익잉여금(결손금)(IFRS)(천원)(IFRS)(천원),재무상태표,0,False,False,mapped,,,총자산,U01A100000000,자산(IFRS)(천원)   자산(IFRS)(천원)(IFRS)(천원),재무상태표,0,False,False,mapped,,,False,False,False,% 또는 dummy,높을수록 우량,NaN,compute_with_flag,확장,available_direct,,,,,,,False,U01A615000000|U01A100000000,True,R064
R065,안정성,레버리지/자본구조,이익잉여금/자기자본,,이익잉여금 / 자기자본,이익잉여금,U01A615000000,이익잉여금(결손금)(IFRS)(천원)      이익잉여금(결손금)(IFRS)(천원)(IFRS)(천원),재무상태표,0,False,False,mapped,,,자기자본,U01A600000000,자본(IFRS)(천원)   자본(IFRS)(천원)(IFRS)(천원),재무상태표,0,False,False,mapped,,,False,False,False,% 또는 dummy,높을수록 우량,NaN,compute_with_flag,확장,available_direct,,,,,,,False,U01A615000000|U01A600000000,True,R065
R067,안정성,레버리지/자본구조,자본금/총자산,,자본금 / 총자산,자본금,U01A611000000,자본금(IFRS)(천원)      자본금(IFRS)(천원)(IFRS)(천원),재무상태표,0,False,False,mapped,,,총자산,U01A100000000,자산(IFRS)(천원)   자산(IFRS)(천원)(IFRS)(천원),재무상태표,0,False,False,mapped,,,False,False,False,% 또는 dummy,상황별,NaN,compute_with_flag,확장,available_direct,,,,,,,False,U01A611000000|U01A100000000,True,R067
R071,안정성,레버리지/자본구조,비유동비율,,비유동자산 / 자기자본,비유동자산,U01A110000000,비유동자산(IFRS)(천원)      비유동자산(IFRS)(천원)(IFRS)(천원),재무상태표,0,False,False,mapped,,,자기자본,U01A600000000,자본(IFRS)(천원)   자본(IFRS)(천원)(IFRS)(천원),재무상태표,0,False,False,mapped,,,False,False,False,% 또는 dummy,낮을수록 우량,NaN,compute_with_flag,확장,available_direct,,,,,,,False,U01A110000000|U01A600000000,True,R071
R076,안정성,레버리지/자본구조,순운전자본/총자산,,(유동자산 - 유동부채) / 총자산,순운전자본,U01A111038600+U01A811026000,순운전자본,DERIVED,0,False,False,derivable,유동자산 - 유동부채,유동자산|유동부채,총자산,U01A100000000,자산(IFRS)(천원)   자산(IFRS)(천원)(IFRS)(천원),재무상태표,0,False,False,mapped,,,False,False,False,% 또는 dummy,높을수록 우량,NaN,compute_with_flag,핵심,available_derived,,,,,,,False,U01A111038600+U01A811026000|U01A100000000|유동자산|유동부채,True,R076
R077,안정성,레버리지/자본구조,운전자본/매출액,,순운전자본 / 매출액,순운전자본,U01A111038600+U01A811026000,순운전자본,DERIVED,0,False,False,derivable,유동자산 - 유동부채,유동자산|유동부채,매출액,U01B100000000,매출액(수익)(IFRS)(천원)   매출액(수익)(IFRS)(천원)(IFRS)(천원),손익계산서,0,False,False,mapped,,,False,False,False,% 또는 dummy,상황별,NaN,compute_with_flag,확장,available_derived,,,,,,,False,U01A111038600+U01A811026000|U01B100000000|유동자산|유동부채,True,R077
R079,부채상환능력,커버리지/상환여력,이자보상배율,,영업이익 / 이자비용,영업이익,U01B430000000,* (정상)영업손익(계산수치)(IFRS)(천원)   * (정상)영업손익(계산수치)(IFRS)(천원)(IFRS)(천원),손익계산서,0,False,False,mapped,,,이자비용,U01B550000000,금융원가(IFRS)(천원)   금융원가(IFRS)(천원)(IFRS)(천원),손익계산서,0,False,False,mapped,,,False,False,False,배 또는 %,높을수록 우량,NaN,compute_with_flag,핵심,available_direct,,,,,,,False,U01B430000000|U01B550000000,True,R079
R080,부채상환능력,커버리지/상환여력,EBIT 이자보상배율,,EBIT / 이자비용,EBIT,U01B430000000,EBIT,DERIVED,0,False,False,derivable,영업이익,영업이익,이자비용,U01B550000000,금융원가(IFRS)(천원)   금융원가(IFRS)(천원)(IFRS)(천원),손익계산서,0,False,False,mapped,,,False,False,False,배 또는 %,높을수록 우량,NaN,compute_with_flag,확장,available_derived,,R079,exact_value_alias,EBIT 이자보상배율 is identical to 이자보상배율 under the current EBIT mapping.,duplicate audit / exact-value or formula-equivalent review,Keep alias in Stage 2 audit outputs; exclude from Stage 3 final selection; canonicalize for simulator/evaluator.,True,U01B430000000|U01B550000000|영업이익,False,R079
R081,부채상환능력,커버리지/상환여력,EBITDA 이자보상배율,,EBITDA / 이자비용,EBITDA,U01B430000000+U01B350014100+U01B350014300,EBITDA,DERIVED,0,False,False,derivable,영업이익 + 감가상각비 + 무형자산상각비,영업이익|감가상각비|무형자산상각비,이자비용,U01B550000000,금융원가(IFRS)(천원)   금융원가(IFRS)(천원)(IFRS)(천원),손익계산서,0,False,False,mapped,,,False,False,False,배 또는 %,높을수록 우량,NaN,compute_with_flag,핵심,available_derived,,,,,,,False,U01B430000000+U01B350014100+U01B350014300|U01B550000000|영업이익|감가상각비|무형자산상각비,True,R081
R082,부채상환능력,커버리지/상환여력,세전이익 이자보상배율,,법인세차감전순이익 / 이자비용,세전이익,U01B700000000,법인세비용차감전순이익(손실)(IFRS)(천원)   법인세비용차감전순이익(손실)(IFRS)(천원)(IFRS)(천원),손익계산서,0,False,False,mapped,,,이자비용,U01B550000000,금융원가(IFRS)(천원)   금융원가(IFRS)(천원)(IFRS)(천원),손익계산서,0,False,False,mapped,,,False,False,False,배 또는 %,높을수록 우량,NaN,compute_with_flag,확장,available_direct,,,,,,,False,U01B700000000|U01B550000000,True,R082
R083,부채상환능력,커버리지/상환여력,OCF 이자보상배율,,영업활동현금흐름 / 이자비용,영업활동현금흐름,U01D100000000,영업활동으로 인한 현금흐름(간접법)(IFRS)(천원)   영업활동으로 인한 현금흐름(간접법)(IFRS)(천원)(IFRS)(천원),현금흐름표,0,False,False,mapped,,,이자비용,U01B550000000,금융원가(IFRS)(천원)   금융원가(IFRS)(천원)(IFRS)(천원),손익계산서,0,False,False,mapped,,,False,False,False,배 또는 %,높을수록 우량,NaN,compute_with_flag,확장,available_direct,,,,,,,False,U01D100000000|U01B550000000,True,R083
R085,부채상환능력,커버리지/상환여력,금융비용부담률,,금융비용 / 매출액,금융비용,U01B550000000,금융원가(IFRS)(천원)   금융원가(IFRS)(천원)(IFRS)(천원),손익계산서,0,False,False,mapped,,,매출액,U01B100000000,매출액(수익)(IFRS)(천원)   매출액(수익)(IFRS)(천원)(IFRS)(천원),손익계산서,0,False,False,mapped,,,False,False,False,배 또는 %,낮을수록 우량,NaN,compute_with_flag,핵심,available_direct,,,,,,,False,U01B550000000|U01B100000000,True,R085
R086,부채상환능력,커버리지/상환여력,이자비용/매출액,,이자비용 / 매출액,이자비용,U01B550000000,금융원가(IFRS)(천원)   금융원가(IFRS)(천원)(IFRS)(천원),손익계산서,0,False,False,mapped,,,매출액,U01B100000000,매출액(수익)(IFRS)(천원)   매출액(수익)(IFRS)(천원)(IFRS)(천원),손익계산서,0,False,False,mapped,,,False,False,False,배 또는 %,낮을수록 우량,NaN,compute_with_flag,확장,available_direct,,R085,exact_value_alias,이자비용/매출액 uses the same numerator item code as 금융비용부담률; not an independent ratio in the current source mapping.,duplicate audit / exact-value or formula-equivalent review,Keep alias in Stage 2 audit outputs; exclude from Stage 3 final selection; canonicalize for simulator/evaluator.,True,U01B550000000|U01B100000000,False,R085
R087,부채상환능력,커버리지/상환여력,이자비용/영업이익,,이자비용 / 영업이익,이자비용,U01B550000000,금융원가(IFRS)(천원)   금융원가(IFRS)(천원)(IFRS)(천원),손익계산서,0,False,False,mapped,,,영업이익,U01B430000000,* (정상)영업손익(계산수치)(IFRS)(천원)   * (정상)영업손익(계산수치)(IFRS)(천원)(IFRS)(천원),손익계산서,0,False,False,mapped,,,False,False,False,배 또는 %,낮을수록 우량,NaN,compute_with_flag,확장,available_direct,,,,,,,False,U01B550000000|U01B430000000,True,R087
R088,부채상환능력,커버리지/상환여력,이자비용/EBITDA,,이자비용 / EBITDA,이자비용,U01B550000000,금융원가(IFRS)(천원)   금융원가(IFRS)(천원)(IFRS)(천원),손익계산서,0,False,False,mapped,,,EBITDA,U01B430000000+U01B350014100+U01B350014300,EBITDA,DERIVED,0,False,False,derivable,영업이익 + 감가상각비 + 무형자산상각비,영업이익|감가상각비|무형자산상각비,False,False,False,배 또는 %,낮을수록 우량,NaN,compute_with_flag,확장,available_derived,,R089,exact_value_alias,이자비용/EBITDA uses the same numerator item code as 금융비용/EBITDA; keep the semantically accurate financial-cost ratio.,duplicate audit / exact-value or formula-equivalent review,Keep alias in Stage 2 audit outputs; exclude from Stage 3 final selection; canonicalize for simulator/evaluator.,True,U01B550000000|U01B430000000+U01B350014100+U01B350014300|영업이익|감가상각비|무형자산상각비,False,R089
R089,부채상환능력,커버리지/상환여력,금융비용/EBITDA,,금융비용 / EBITDA,금융비용,U01B550000000,금융원가(IFRS)(천원)   금융원가(IFRS)(천원)(IFRS)(천원),손익계산서,0,False,False,mapped,,,EBITDA,U01B430000000+U01B350014100+U01B350014300,EBITDA,DERIVED,0,False,False,derivable,영업이익 + 감가상각비 + 무형자산상각비,영업이익|감가상각비|무형자산상각비,False,False,False,배 또는 %,낮을수록 우량,NaN,compute_with_flag,확장,available_derived,,,,,,,False,U01B550000000|U01B430000000+U01B350014100+U01B350014300|영업이익|감가상각비|무형자산상각비,True,R089
R090,부채상환능력,커버리지/상환여력,금융비용/영업현금흐름,,금융비용 / 영업활동현금흐름,금융비용,U01B550000000,금융원가(IFRS)(천원)   금융원가(IFRS)(천원)(IFRS)(천원),손익계산서,0,False,False,mapped,,,영업활동현금흐름,U01D100000000,영업활동으로 인한 현금흐름(간접법)(IFRS)(천원)   영업활동으로 인한 현금흐름(간접법)(IFRS)(천원)(IFRS)(천원),현금흐름표,0,False,False,mapped,,,False,False,False,배 또는 %,낮을수록 우량,NaN,compute_with_flag,확장,available_direct,,,,,,,False,U01B550000000|U01D100000000,True,R090
R091,부채상환능력,커버리지/상환여력,OCF/총부채,,영업활동현금흐름 / 부채총계,영업활동현금흐름,U01D100000000,영업활동으로 인한 현금흐름(간접법)(IFRS)(천원)   영업활동으로 인한 현금흐름(간접법)(IFRS)(천원)(IFRS)(천원),현금흐름표,0,False,False,mapped,,,부채총계,U01A800000000,부채(IFRS)(천원)   부채(IFRS)(천원)(IFRS)(천원),재무상태표,0,False,False,mapped,,,False,False,False,배 또는 %,높을수록 우량,NaN,compute_with_flag,핵심,available_direct,,,,,,,False,U01D100000000|U01A800000000,True,R091
R092,부채상환능력,커버리지/상환여력,OCF/총차입금,,영업활동현금흐름 / 총차입금,영업활동현금흐름,U01D100000000,영업활동으로 인한 현금흐름(간접법)(IFRS)(천원)   영업활동으로 인한 현금흐름(간접법)(IFRS)(천원)(IFRS)(천원),현금흐름표,0,False,False,mapped,,,총차입금,U01A811026700+U01A811012800+U01A811000000+U01A811027400,총차입금,DERIVED,0,False,False,derivable,단기차입금 + 장기차입금 + 사채 + 유동성장기부채,단기차입금|장기차입금|사채|유동성장기부채,False,False,False,배 또는 %,높을수록 우량,NaN,compute_with_flag,확장,available_derived,,,,,,,False,U01D100000000|U01A811026700+U01A811012800+U01A811000000+U01A811027400|단기차입금|장기차입금|사채|유동성장기부채,True,R092
R093,부채상환능력,커버리지/상환여력,OCF/순차입금,,영업활동현금흐름 / 순차입금,영업활동현금흐름,U01D100000000,영업활동으로 인한 현금흐름(간접법)(IFRS)(천원)   영업활동으로 인한 현금흐름(간접법)(IFRS)(천원)(IFRS)(천원),현금흐름표,0,False,False,mapped,,,순차입금,U01A811026700+U01A811012800+U01A811000000+U01A111050000+U01A811027400,순차입금,DERIVED,0,False,False,derivable,총차입금 - 현금및현금성자산,단기차입금|장기차입금|사채|현금및현금성자산|유동성장기부채,False,False,False,배 또는 %,높을수록 우량,NaN,compute_with_flag,확장,available_derived,,,,,,,False,U01D100000000|U01A811026700+U01A811012800+U01A811000000+U01A111050000+U01A811027400|단기차입금|장기차입금|사채|현금및현금성자산|유동성장기부채,True,R093
R094,부채상환능력,커버리지/상환여력,OCF/유동부채,,영업활동현금흐름 / 유동부채,영업활동현금흐름,U01D100000000,영업활동으로 인한 현금흐름(간접법)(IFRS)(천원)   영업활동으로 인한 현금흐름(간접법)(IFRS)(천원)(IFRS)(천원),현금흐름표,0,False,False,mapped,,,유동부채,U01A811026000,유동부채(IFRS)(천원)      유동부채(IFRS)(천원)(IFRS)(천원),재무상태표,0,False,False,mapped,,,False,False,False,배 또는 %,높을수록 우량,NaN,compute_with_flag,확장,available_direct,,,,,,,False,U01D100000000|U01A811026000,True,R094
R095,부채상환능력,커버리지/상환여력,OCF/단기차입금,,영업활동현금흐름 / 단기차입금,영업활동현금흐름,U01D100000000,영업활동으로 인한 현금흐름(간접법)(IFRS)(천원)   영업활동으로 인한 현금흐름(간접법)(IFRS)(천원)(IFRS)(천원),현금흐름표,0,False,False,mapped,,,단기차입금,U01A811026700,단기차입금(IFRS)(천원)         단기차입금(IFRS)(천원)(IFRS)(천원),재무상태표,0,False,False,mapped,,,False,False,False,배 또는 %,높을수록 우량,NaN,compute_with_flag,확장,available_direct,,,,,,,False,U01D100000000|U01A811026700,True,R095
R099,부채상환능력,커버리지/상환여력,EBITDA/총차입금,,EBITDA / 총차입금,EBITDA,U01B430000000+U01B350014100+U01B350014300,EBITDA,DERIVED,0,False,False,derivable,영업이익 + 감가상각비 + 무형자산상각비,영업이익|감가상각비|무형자산상각비,총차입금,U01A811026700+U01A811012800+U01A811000000+U01A811027400,총차입금,DERIVED,0,False,False,derivable,단기차입금 + 장기차입금 + 사채 + 유동성장기부채,단기차입금|장기차입금|사채|유동성장기부채,False,False,False,배 또는 %,높을수록 우량,NaN,compute_with_flag,확장,available_derived,,,,,,,False,U01B430000000+U01B350014100+U01B350014300|U01A811026700+U01A811012800+U01A811000000+U01A811027400|영업이익|감가상각비|무형자산상각비|단기차입금|장기차입금|사채|유동성장기부채,True,R099
R100,부채상환능력,커버리지/상환여력,EBITDA/순차입금,,EBITDA / 순차입금,EBITDA,U01B430000000+U01B350014100+U01B350014300,EBITDA,DERIVED,0,False,False,derivable,영업이익 + 감가상각비 + 무형자산상각비,영업이익|감가상각비|무형자산상각비,순차입금,U01A811026700+U01A811012800+U01A811000000+U01A111050000+U01A811027400,순차입금,DERIVED,0,False,False,derivable,총차입금 - 현금및현금성자산,단기차입금|장기차입금|사채|현금및현금성자산|유동성장기부채,False,False,False,배 또는 %,높을수록 우량,NaN,compute_with_flag,확장,available_derived,,,,,,,False,U01B430000000+U01B350014100+U01B350014300|U01A811026700+U01A811012800+U01A811000000+U01A111050000+U01A811027400|영업이익|감가상각비|무형자산상각비|단기차입금|장기차입금|사채|현금및현금성자산|유동성장기부채,True,R100
R101,부채상환능력,커버리지/상환여력,총차입금/EBITDA,,총차입금 / EBITDA,총차입금,U01A811026700+U01A811012800+U01A811000000+U01A811027400,총차입금,DERIVED,0,False,False,derivable,단기차입금 + 장기차입금 + 사채 + 유동성장기부채,단기차입금|장기차입금|사채|유동성장기부채,EBITDA,U01B430000000+U01B350014100+U01B350014300,EBITDA,DERIVED,0,False,False,derivable,영업이익 + 감가상각비 + 무형자산상각비,영업이익|감가상각비|무형자산상각비,False,False,False,배 또는 %,낮을수록 우량,NaN,compute_with_flag,확장,available_derived,,,,,,,False,U01A811026700+U01A811012800+U01A811000000+U01A811027400|U01B430000000+U01B350014100+U01B350014300|단기차입금|장기차입금|사채|유동성장기부채|영업이익|감가상각비|무형자산상각비,True,R101
R102,부채상환능력,커버리지/상환여력,순차입금/EBITDA,,순차입금 / EBITDA,순차입금,U01A811026700+U01A811012800+U01A811000000+U01A111050000+U01A811027400,순차입금,DERIVED,0,False,False,derivable,총차입금 - 현금및현금성자산,단기차입금|장기차입금|사채|현금및현금성자산|유동성장기부채,EBITDA,U01B430000000+U01B350014100+U01B350014300,EBITDA,DERIVED,0,False,False,derivable,영업이익 + 감가상각비 + 무형자산상각비,영업이익|감가상각비|무형자산상각비,False,False,False,배 또는 %,낮을수록 우량,NaN,compute_with_flag,핵심,available_derived,,,,,,,False,U01A811026700+U01A811012800+U01A811000000+U01A111050000+U01A811027400|U01B430000000+U01B350014100+U01B350014300|단기차입금|장기차입금|사채|현금및현금성자산|유동성장기부채|영업이익|감가상각비|무형자산상각비,True,R102
R103,부채상환능력,커버리지/상환여력,총부채/EBITDA,,부채총계 / EBITDA,부채총계,U01A800000000,부채(IFRS)(천원)   부채(IFRS)(천원)(IFRS)(천원),재무상태표,0,False,False,mapped,,,EBITDA,U01B430000000+U01B350014100+U01B350014300,EBITDA,DERIVED,0,False,False,derivable,영업이익 + 감가상각비 + 무형자산상각비,영업이익|감가상각비|무형자산상각비,False,False,False,배 또는 %,낮을수록 우량,NaN,compute_with_flag,확장,available_derived,,,,,,,False,U01A800000000|U01B430000000+U01B350014100+U01B350014300|영업이익|감가상각비|무형자산상각비,True,R103
R104,부채상환능력,커버리지/상환여력,순차입금/OCF,,순차입금 / 영업활동현금흐름,순차입금,U01A811026700+U01A811012800+U01A811000000+U01A111050000+U01A811027400,순차입금,DERIVED,0,False,False,derivable,총차입금 - 현금및현금성자산,단기차입금|장기차입금|사채|현금및현금성자산|유동성장기부채,영업활동현금흐름,U01D100000000,영업활동으로 인한 현금흐름(간접법)(IFRS)(천원)   영업활동으로 인한 현금흐름(간접법)(IFRS)(천원)(IFRS)(천원),현금흐름표,0,False,False,mapped,,,False,False,False,배 또는 %,낮을수록 우량,NaN,compute_with_flag,확장,available_derived,,,,,,,False,U01A811026700+U01A811012800+U01A811000000+U01A111050000+U01A811027400|U01D100000000|단기차입금|장기차입금|사채|현금및현금성자산|유동성장기부채,True,R104
R105,부채상환능력,커버리지/상환여력,총차입금/OCF,,총차입금 / 영업활동현금흐름,총차입금,U01A811026700+U01A811012800+U01A811000000+U01A811027400,총차입금,DERIVED,0,False,False,derivable,단기차입금 + 장기차입금 + 사채 + 유동성장기부채,단기차입금|장기차입금|사채|유동성장기부채,영업활동현금흐름,U01D100000000,영업활동으로 인한 현금흐름(간접법)(IFRS)(천원)   영업활동으로 인한 현금흐름(간접법)(IFRS)(천원)(IFRS)(천원),현금흐름표,0,False,False,mapped,,,False,False,False,배 또는 %,낮을수록 우량,NaN,compute_with_flag,확장,available_derived,,,,,,,False,U01A811026700+U01A811012800+U01A811000000+U01A811027400|U01D100000000|단기차입금|장기차입금|사채|유동성장기부채,True,R105
R106,부채상환능력,커버리지/상환여력,총부채/OCF,,부채총계 / 영업활동현금흐름,부채총계,U01A800000000,부채(IFRS)(천원)   부채(IFRS)(천원)(IFRS)(천원),재무상태표,0,False,False,mapped,,,영업활동현금흐름,U01D100000000,영업활동으로 인한 현금흐름(간접법)(IFRS)(천원)   영업활동으로 인한 현금흐름(간접법)(IFRS)(천원)(IFRS)(천원),현금흐름표,0,False,False,mapped,,,False,False,False,배 또는 %,낮을수록 우량,NaN,compute_with_flag,확장,available_direct,,,,,,,False,U01A800000000|U01D100000000,True,R106
R107,부채상환능력,커버리지/상환여력,단기차입금/OCF,,단기차입금 / 영업활동현금흐름,단기차입금,U01A811026700,단기차입금(IFRS)(천원)         단기차입금(IFRS)(천원)(IFRS)(천원),재무상태표,0,False,False,mapped,,,영업활동현금흐름,U01D100000000,영업활동으로 인한 현금흐름(간접법)(IFRS)(천원)   영업활동으로 인한 현금흐름(간접법)(IFRS)(천원)(IFRS)(천원),현금흐름표,0,False,False,mapped,,,False,False,False,배 또는 %,낮을수록 우량,NaN,compute_with_flag,확장,available_direct,,,,,,,False,U01A811026700|U01D100000000,True,R107
R108,부채상환능력,커버리지/상환여력,단기금융부채/EBITDA,,단기금융부채 / EBITDA,단기금융부채,U01A811026700+U01A811027400,단기금융부채,DERIVED,0,False,False,derivable,단기차입금 + 유동성장기부채,단기차입금|유동성장기부채,EBITDA,U01B430000000+U01B350014100+U01B350014300,EBITDA,DERIVED,0,False,False,derivable,영업이익 + 감가상각비 + 무형자산상각비,영업이익|감가상각비|무형자산상각비,False,False,False,배 또는 %,낮을수록 우량,NaN,compute_with_flag,확장,available_derived,,,,,,,False,U01A811026700+U01A811027400|U01B430000000+U01B350014100+U01B350014300|단기차입금|유동성장기부채|영업이익|감가상각비|무형자산상각비,True,R108
R109,부채상환능력,커버리지/상환여력,단기금융부채/현금성자산,,단기금융부채 / 현금및현금성자산,단기금융부채,U01A811026700+U01A811027400,단기금융부채,DERIVED,0,False,False,derivable,단기차입금 + 유동성장기부채,단기차입금|유동성장기부채,현금및현금성자산,U01A111050000,현금및현금성자산(IFRS)(천원)         현금및현금성자산(IFRS)(천원)(IFRS)(천원),재무상태표,0,False,False,mapped,,,False,False,False,배 또는 %,낮을수록 우량,NaN,compute_with_flag,확장,available_derived,,,,,,,False,U01A811026700+U01A811027400|U01A111050000|단기차입금|유동성장기부채,True,R109
R110,부채상환능력,커버리지/상환여력,현금성자산/총차입금,,현금및현금성자산 / 총차입금,현금성자산,U01A111050000,현금및현금성자산(IFRS)(천원)         현금및현금성자산(IFRS)(천원)(IFRS)(천원),재무상태표,0,False,False,mapped,,,총차입금,U01A811026700+U01A811012800+U01A811000000+U01A811027400,총차입금,DERIVED,0,False,False,derivable,단기차입금 + 장기차입금 + 사채 + 유동성장기부채,단기차입금|장기차입금|사채|유동성장기부채,False,False,False,배 또는 %,높을수록 우량,NaN,compute_with_flag,확장,available_derived,,,,,,,False,U01A111050000|U01A811026700+U01A811012800+U01A811000000+U01A811027400|단기차입금|장기차입금|사채|유동성장기부채,True,R110
R111,부채상환능력,커버리지/상환여력,현금성자산/단기차입금,,현금및현금성자산 / 단기차입금,현금성자산,U01A111050000,현금및현금성자산(IFRS)(천원)         현금및현금성자산(IFRS)(천원)(IFRS)(천원),재무상태표,0,False,False,mapped,,,단기차입금,U01A811026700,단기차입금(IFRS)(천원)         단기차입금(IFRS)(천원)(IFRS)(천원),재무상태표,0,False,False,mapped,,,False,False,False,배 또는 %,높을수록 우량,NaN,compute_with_flag,확장,available_direct,,,,,,,False,U01A111050000|U01A811026700,True,R111
R112,부채상환능력,커버리지/상환여력,내부자금조달률,,영업활동현금흐름 / CAPEX,영업활동현금흐름,U01D100000000,영업활동으로 인한 현금흐름(간접법)(IFRS)(천원)   영업활동으로 인한 현금흐름(간접법)(IFRS)(천원)(IFRS)(천원),현금흐름표,0,False,False,mapped,,,CAPEX,U01D206012400,CAPEX,DERIVED,0,False,False,derivable,현금흐름표 유형자산 취득,CAPEX_proxy,False,False,False,배 또는 %,높을수록 우량,NaN,compute_with_flag,확장,available_derived,,,,,,,False,U01D100000000|U01D206012400|CAPEX_proxy,True,R112
R114,부채상환능력,커버리지/상환여력,순차입금상환가능기간,,순차입금 / EBITDA,순차입금,U01A811026700+U01A811012800+U01A811000000+U01A111050000+U01A811027400,순차입금,DERIVED,0,False,False,derivable,총차입금 - 현금및현금성자산,단기차입금|장기차입금|사채|현금및현금성자산|유동성장기부채,EBITDA,U01B430000000+U01B350014100+U01B350014300,EBITDA,DERIVED,0,False,False,derivable,영업이익 + 감가상각비 + 무형자산상각비,영업이익|감가상각비|무형자산상각비,False,False,False,배 또는 %,낮을수록 우량,NaN,compute_with_flag,확장,available_derived,,R102,exact_value_alias,순차입금상환가능기간 is identical to 순차입금/EBITDA.,duplicate audit / exact-value or formula-equivalent review,Keep alias in Stage 2 audit outputs; exclude from Stage 3 final selection; canonicalize for simulator/evaluator.,True,U01A811026700+U01A811012800+U01A811000000+U01A111050000+U01A811027400|U01B430000000+U01B350014100+U01B350014300|단기차입금|장기차입금|사채|현금및현금성자산|유동성장기부채|영업이익|감가상각비|무형자산상각비,False,R102
R115,유동성,단기지급능력/운전자본,유동비율,,유동자산 / 유동부채,유동자산,U01A111038600,유동자산(IFRS)(천원)      유동자산(IFRS)(천원)(IFRS)(천원),재무상태표,0,False,False,mapped,,,유동부채,U01A811026000,유동부채(IFRS)(천원)      유동부채(IFRS)(천원)(IFRS)(천원),재무상태표,0,False,False,mapped,,,False,False,False,% 또는 dummy,높을수록 우량,NaN,compute_with_flag,핵심,available_direct,,,,,,,False,U01A111038600|U01A811026000,True,R115
R116,유동성,단기지급능력/운전자본,당좌비율,,당좌자산 / 유동부채,당좌자산,U01A111038600+U01A111038700,당좌자산,DERIVED,0,False,False,derivable,유동자산 - 재고자산,유동자산|재고자산,유동부채,U01A811026000,유동부채(IFRS)(천원)      유동부채(IFRS)(천원)(IFRS)(천원),재무상태표,0,False,False,mapped,,,False,False,False,% 또는 dummy,높을수록 우량,NaN,compute_with_flag,핵심,available_derived,,,,,,,False,U01A111038600+U01A111038700|U01A811026000|유동자산|재고자산,True,R116
R117,유동성,단기지급능력/운전자본,현금비율,,현금및현금성자산 / 유동부채,현금성자산,U01A111050000,현금및현금성자산(IFRS)(천원)         현금및현금성자산(IFRS)(천원)(IFRS)(천원),재무상태표,0,False,False,mapped,,,유동부채,U01A811026000,유동부채(IFRS)(천원)      유동부채(IFRS)(천원)(IFRS)(천원),재무상태표,0,False,False,mapped,,,False,False,False,% 또는 dummy,높을수록 우량,NaN,compute_with_flag,핵심,available_direct,,,,,,,False,U01A111050000|U01A811026000,True,R117
R118,유동성,단기지급능력/운전자본,순운전자본비율,,(유동자산 - 유동부채) / 총자산,순운전자본,U01A111038600+U01A811026000,순운전자본,DERIVED,0,False,False,derivable,유동자산 - 유동부채,유동자산|유동부채,총자산,U01A100000000,자산(IFRS)(천원)   자산(IFRS)(천원)(IFRS)(천원),재무상태표,0,False,False,mapped,,,False,False,False,% 또는 dummy,높을수록 우량,NaN,compute_with_flag,핵심,available_derived,,R076,exact_value_alias,순운전자본비율 is identical to 순운전자본/총자산.,duplicate audit / exact-value or formula-equivalent review,Keep alias in Stage 2 audit outputs; exclude from Stage 3 final selection; canonicalize for simulator/evaluator.,True,U01A111038600+U01A811026000|U01A100000000|유동자산|유동부채,False,R076
R119,유동성,단기지급능력/운전자본,순운전자본/매출액,,순운전자본 / 매출액,순운전자본,U01A111038600+U01A811026000,순운전자본,DERIVED,0,False,False,derivable,유동자산 - 유동부채,유동자산|유동부채,매출액,U01B100000000,매출액(수익)(IFRS)(천원)   매출액(수익)(IFRS)(천원)(IFRS)(천원),손익계산서,0,False,False,mapped,,,False,False,False,% 또는 dummy,높을수록 우량 가능,NaN,compute_with_flag,확장,available_derived,,R077,exact_value_alias,순운전자본/매출액 is identical to 운전자본/매출액.,duplicate audit / exact-value or formula-equivalent review,Keep alias in Stage 2 audit outputs; exclude from Stage 3 final selection; canonicalize for simulator/evaluator.,True,U01A111038600+U01A811026000|U01B100000000|유동자산|유동부채,False,R077
R120,유동성,단기지급능력/운전자본,유동자산/총자산,,유동자산 / 총자산,유동자산,U01A111038600,유동자산(IFRS)(천원)      유동자산(IFRS)(천원)(IFRS)(천원),재무상태표,0,False,False,mapped,,,총자산,U01A100000000,자산(IFRS)(천원)   자산(IFRS)(천원)(IFRS)(천원),재무상태표,0,False,False,mapped,,,False,False,False,% 또는 dummy,산업별,NaN,compute_with_flag,확장,available_direct,,,,,,,False,U01A111038600|U01A100000000,True,R120
R121,유동성,단기지급능력/운전자본,유동부채/총자산,,유동부채 / 총자산,유동부채,U01A811026000,유동부채(IFRS)(천원)      유동부채(IFRS)(천원)(IFRS)(천원),재무상태표,0,False,False,mapped,,,총자산,U01A100000000,자산(IFRS)(천원)   자산(IFRS)(천원)(IFRS)(천원),재무상태표,0,False,False,mapped,,,False,False,False,% 또는 dummy,낮을수록 우량,NaN,compute_with_flag,확장,available_direct,,,,,,,False,U01A811026000|U01A100000000,True,R121
R122,유동성,단기지급능력/운전자본,유동부채/매출액,,유동부채 / 매출액,유동부채,U01A811026000,유동부채(IFRS)(천원)      유동부채(IFRS)(천원)(IFRS)(천원),재무상태표,0,False,False,mapped,,,매출액,U01B100000000,매출액(수익)(IFRS)(천원)   매출액(수익)(IFRS)(천원)(IFRS)(천원),손익계산서,0,False,False,mapped,,,False,False,False,% 또는 dummy,낮을수록 우량,NaN,compute_with_flag,확장,available_direct,,,,,,,False,U01A811026000|U01B100000000,True,R122
R123,유동성,단기지급능력/운전자본,유동자산/매출액,,유동자산 / 매출액,유동자산,U01A111038600,유동자산(IFRS)(천원)      유동자산(IFRS)(천원)(IFRS)(천원),재무상태표,0,False,False,mapped,,,매출액,U01B100000000,매출액(수익)(IFRS)(천원)   매출액(수익)(IFRS)(천원)(IFRS)(천원),손익계산서,0,False,False,mapped,,,False,False,False,% 또는 dummy,상황별,NaN,compute_with_flag,확장,available_direct,,,,,,,False,U01A111038600|U01B100000000,True,R123
R124,유동성,단기지급능력/운전자본,현금성자산/총자산,,현금및현금성자산 / 총자산,현금성자산,U01A111050000,현금및현금성자산(IFRS)(천원)         현금및현금성자산(IFRS)(천원)(IFRS)(천원),재무상태표,0,False,False,mapped,,,총자산,U01A100000000,자산(IFRS)(천원)   자산(IFRS)(천원)(IFRS)(천원),재무상태표,0,False,False,mapped,,,False,False,False,% 또는 dummy,높을수록 우량 가능,NaN,compute_with_flag,확장,available_direct,,,,,,,False,U01A111050000|U01A100000000,True,R124
R125,유동성,단기지급능력/운전자본,현금성자산/매출액,,현금및현금성자산 / 매출액,현금성자산,U01A111050000,현금및현금성자산(IFRS)(천원)         현금및현금성자산(IFRS)(천원)(IFRS)(천원),재무상태표,0,False,False,mapped,,,매출액,U01B100000000,매출액(수익)(IFRS)(천원)   매출액(수익)(IFRS)(천원)(IFRS)(천원),손익계산서,0,False,False,mapped,,,False,False,False,% 또는 dummy,높을수록 우량 가능,NaN,compute_with_flag,확장,available_direct,,,,,,,False,U01A111050000|U01B100000000,True,R125
R126,유동성,단기지급능력/운전자본,현금성자산/총부채,,현금및현금성자산 / 부채총계,현금성자산,U01A111050000,현금및현금성자산(IFRS)(천원)         현금및현금성자산(IFRS)(천원)(IFRS)(천원),재무상태표,0,False,False,mapped,,,부채총계,U01A800000000,부채(IFRS)(천원)   부채(IFRS)(천원)(IFRS)(천원),재무상태표,0,False,False,mapped,,,False,False,False,% 또는 dummy,높을수록 우량,NaN,compute_with_flag,확장,available_direct,,,,,,,False,U01A111050000|U01A800000000,True,R126
R127,유동성,단기지급능력/운전자본,현금성자산/유동부채,,현금및현금성자산 / 유동부채,현금성자산,U01A111050000,현금및현금성자산(IFRS)(천원)         현금및현금성자산(IFRS)(천원)(IFRS)(천원),재무상태표,0,False,False,mapped,,,유동부채,U01A811026000,유동부채(IFRS)(천원)      유동부채(IFRS)(천원)(IFRS)(천원),재무상태표,0,False,False,mapped,,,False,False,False,% 또는 dummy,높을수록 우량,NaN,compute_with_flag,확장,available_direct,,R117,exact_value_alias,현금성자산/유동부채 is identical to 현금비율.,duplicate audit / exact-value or formula-equivalent review,Keep alias in Stage 2 audit outputs; exclude from Stage 3 final selection; canonicalize for simulator/evaluator.,True,U01A111050000|U01A811026000,False,R117
R128,유동성,단기지급능력/운전자본,현금성자산/단기금융부채,,현금및현금성자산 / 단기금융부채,현금성자산,U01A111050000,현금및현금성자산(IFRS)(천원)         현금및현금성자산(IFRS)(천원)(IFRS)(천원),재무상태표,0,False,False,mapped,,,단기금융부채,U01A811026700+U01A811027400,단기금융부채,DERIVED,0,False,False,derivable,단기차입금 + 유동성장기부채,단기차입금|유동성장기부채,False,False,False,% 또는 dummy,높을수록 우량,NaN,compute_with_flag,확장,available_derived,,,,,,,False,U01A111050000|U01A811026700+U01A811027400|단기차입금|유동성장기부채,True,R128
R130,유동성,단기지급능력/운전자본,즉시가용유동성/단기금융부채,,(현금성자산 + 단기금융상품) / 단기금융부채,즉시가용유동성,U01A111050000+U01A111043200,즉시가용유동성,DERIVED,0,False,False,derivable,현금및현금성자산 + 단기금융상품,현금및현금성자산|단기금융상품,단기금융부채,U01A811026700+U01A811027400,단기금융부채,DERIVED,0,False,False,derivable,단기차입금 + 유동성장기부채,단기차입금|유동성장기부채,False,False,False,% 또는 dummy,높을수록 우량,NaN,compute_with_flag,확장,available_derived,,,,,,,False,U01A111050000+U01A111043200|U01A811026700+U01A811027400|현금및현금성자산|단기금융상품|단기차입금|유동성장기부채,True,R130
R131,유동성,단기지급능력/운전자본,OCF/유동부채,,영업활동현금흐름 / 유동부채,OCF,U01D100000000,영업활동으로 인한 현금흐름(간접법)(IFRS)(천원)   영업활동으로 인한 현금흐름(간접법)(IFRS)(천원)(IFRS)(천원),현금흐름표,0,False,False,mapped,,,유동부채,U01A811026000,유동부채(IFRS)(천원)      유동부채(IFRS)(천원)(IFRS)(천원),재무상태표,0,False,False,mapped,,,False,False,False,% 또는 dummy,높을수록 우량,NaN,compute_with_flag,핵심,available_direct,,R094,exact_value_alias,OCF/유동부채 duplicates the debt-service OCF/유동부채 ratio.,duplicate audit / exact-value or formula-equivalent review,Keep alias in Stage 2 audit outputs; exclude from Stage 3 final selection; canonicalize for simulator/evaluator.,True,U01D100000000|U01A811026000,False,R094
R132,유동성,단기지급능력/운전자본,OCF/단기금융부채,,영업활동현금흐름 / 단기금융부채,OCF,U01D100000000,영업활동으로 인한 현금흐름(간접법)(IFRS)(천원)   영업활동으로 인한 현금흐름(간접법)(IFRS)(천원)(IFRS)(천원),현금흐름표,0,False,False,mapped,,,단기금융부채,U01A811026700+U01A811027400,단기금융부채,DERIVED,0,False,False,derivable,단기차입금 + 유동성장기부채,단기차입금|유동성장기부채,False,False,False,% 또는 dummy,높을수록 우량,NaN,compute_with_flag,확장,available_derived,,,,,,,False,U01D100000000|U01A811026700+U01A811027400|단기차입금|유동성장기부채,True,R132
R133,유동성,단기지급능력/운전자본,FCF/유동부채,,잉여현금흐름 / 유동부채,FCF,U01D100000000+U01D206012400,FCF,DERIVED,0,False,False,derivable,영업활동현금흐름 - CAPEX,영업활동현금흐름|CAPEX_proxy,유동부채,U01A811026000,유동부채(IFRS)(천원)      유동부채(IFRS)(천원)(IFRS)(천원),재무상태표,0,False,False,mapped,,,False,False,False,% 또는 dummy,높을수록 우량,NaN,compute_with_flag,확장,available_derived,,,,,,,False,U01D100000000+U01D206012400|U01A811026000|영업활동현금흐름|CAPEX_proxy,True,R133
R134,유동성,단기지급능력/운전자본,재고자산/유동자산,,재고자산 / 유동자산,재고자산,U01A111038700,재고자산(IFRS)(천원)         재고자산(IFRS)(천원)(IFRS)(천원),재무상태표,0,False,False,mapped,,,유동자산,U01A111038600,유동자산(IFRS)(천원)      유동자산(IFRS)(천원)(IFRS)(천원),재무상태표,0,False,False,mapped,,,False,False,False,% 또는 dummy,낮을수록 우량 가능,NaN,compute_with_flag,확장,available_direct,,,,,,,False,U01A111038700|U01A111038600,True,R134
R135,유동성,단기지급능력/운전자본,매출채권/유동자산,,매출채권 / 유동자산,매출채권,U01A111045400,매출채권 및 기타유동채권(IFRS)(천원)         매출채권 및 기타유동채권(IFRS)(천원)(IFRS)(천원),재무상태표,0,False,False,mapped,,,유동자산,U01A111038600,유동자산(IFRS)(천원)      유동자산(IFRS)(천원)(IFRS)(천원),재무상태표,0,False,False,mapped,,,False,False,False,% 또는 dummy,낮을수록 우량 가능,NaN,compute_with_flag,확장,available_direct,,,,,,,False,U01A111045400|U01A111038600,True,R135
R136,유동성,단기지급능력/운전자본,매입채무/유동부채,,매입채무 / 유동부채,매입채무,U01A811030700,매입채무 및 기타유동채무(IFRS)(천원)         매입채무 및 기타유동채무(IFRS)(천원)(IFRS)(천원),재무상태표,0,False,False,mapped,,,유동부채,U01A811026000,유동부채(IFRS)(천원)      유동부채(IFRS)(천원)(IFRS)(천원),재무상태표,0,False,False,mapped,,,False,False,False,% 또는 dummy,상황별,NaN,compute_with_flag,확장,available_direct,,,,,,,False,U01A811030700|U01A811026000,True,R136
R137,유동성,단기지급능력/운전자본,재고자산/매출액,,재고자산 / 매출액,재고자산,U01A111038700,재고자산(IFRS)(천원)         재고자산(IFRS)(천원)(IFRS)(천원),재무상태표,0,False,False,mapped,,,매출액,U01B100000000,매출액(수익)(IFRS)(천원)   매출액(수익)(IFRS)(천원)(IFRS)(천원),손익계산서,0,False,False,mapped,,,False,False,False,% 또는 dummy,낮을수록 우량,NaN,compute_with_flag,확장,available_direct,,,,,,,False,U01A111038700|U01B100000000,True,R137
R138,유동성,단기지급능력/운전자본,매출채권/매출액,,매출채권 / 매출액,매출채권,U01A111045400,매출채권 및 기타유동채권(IFRS)(천원)         매출채권 및 기타유동채권(IFRS)(천원)(IFRS)(천원),재무상태표,0,False,False,mapped,,,매출액,U01B100000000,매출액(수익)(IFRS)(천원)   매출액(수익)(IFRS)(천원)(IFRS)(천원),손익계산서,0,False,False,mapped,,,False,False,False,% 또는 dummy,낮을수록 우량,NaN,compute_with_flag,확장,available_direct,,,,,,,False,U01A111045400|U01B100000000,True,R138
R139,유동성,단기지급능력/운전자본,매입채무/매출액,,매입채무 / 매출액,매입채무,U01A811030700,매입채무 및 기타유동채무(IFRS)(천원)         매입채무 및 기타유동채무(IFRS)(천원)(IFRS)(천원),재무상태표,0,False,False,mapped,,,매출액,U01B100000000,매출액(수익)(IFRS)(천원)   매출액(수익)(IFRS)(천원)(IFRS)(천원),손익계산서,0,False,False,mapped,,,False,False,False,% 또는 dummy,상황별,NaN,compute_with_flag,확장,available_direct,,,,,,,False,U01A811030700|U01B100000000,True,R139
R140,유동성,단기지급능력/운전자본,순영업운전자본/매출액,,(매출채권 + 재고자산 - 매입채무) / 매출액,순영업운전자본,U01A111045400+U01A111038700+U01A811030700,순영업운전자본,DERIVED,0,False,False,derivable,매출채권 + 재고자산 - 매입채무,매출채권|재고자산|매입채무,매출액,U01B100000000,매출액(수익)(IFRS)(천원)   매출액(수익)(IFRS)(천원)(IFRS)(천원),손익계산서,0,False,False,mapped,,,False,False,False,% 또는 dummy,낮을수록 우량 가능,NaN,compute_with_flag,확장,available_derived,,,,,,,False,U01A111045400+U01A111038700+U01A811030700|U01B100000000|매출채권|재고자산|매입채무,True,R140
R141,유동성,단기지급능력/운전자본,영업운전자본/총자산,,(매출채권 + 재고자산 - 매입채무) / 총자산,영업운전자본,U01A111045400+U01A111038700+U01A811030700,영업운전자본,DERIVED,0,False,False,derivable,매출채권 + 재고자산 - 매입채무,매출채권|재고자산|매입채무,총자산,U01A100000000,자산(IFRS)(천원)   자산(IFRS)(천원)(IFRS)(천원),재무상태표,0,False,False,mapped,,,False,False,False,% 또는 dummy,낮을수록 우량 가능,NaN,compute_with_flag,확장,available_derived,,,,,,,False,U01A111045400+U01A111038700+U01A811030700|U01A100000000|매출채권|재고자산|매입채무,True,R141
R143,활동성,회전율/운영효율,총자산회전율,,매출액 / 평균총자산,매출액,U01B100000000,매출액(수익)(IFRS)(천원)   매출액(수익)(IFRS)(천원)(IFRS)(천원),손익계산서,0,False,False,mapped,,,평균총자산,U01A100000000,자산(IFRS)(천원)   자산(IFRS)(천원)(IFRS)(천원),재무상태표,0,True,False,mapped,,,True,True,False,회 또는 일수,높을수록 우량,NaN,compute_with_flag,핵심,available_with_lag,,,,,,,False,U01B100000000|U01A100000000,True,R143
R145,활동성,회전율/운영효율,비유동자산회전율,,매출액 / 평균비유동자산,매출액,U01B100000000,매출액(수익)(IFRS)(천원)   매출액(수익)(IFRS)(천원)(IFRS)(천원),손익계산서,0,False,False,mapped,,,평균비유동자산,U01A110000000,비유동자산(IFRS)(천원)      비유동자산(IFRS)(천원)(IFRS)(천원),재무상태표,0,True,False,mapped,,,True,True,False,회 또는 일수,높을수록 우량,NaN,compute_with_flag,확장,available_with_lag,,,,,,,False,U01B100000000|U01A110000000,True,R145
R146,활동성,회전율/운영효율,유동자산회전율,,매출액 / 평균유동자산,매출액,U01B100000000,매출액(수익)(IFRS)(천원)   매출액(수익)(IFRS)(천원)(IFRS)(천원),손익계산서,0,False,False,mapped,,,평균유동자산,U01A111038600,유동자산(IFRS)(천원)      유동자산(IFRS)(천원)(IFRS)(천원),재무상태표,0,True,False,mapped,,,True,True,False,회 또는 일수,높을수록 우량,NaN,compute_with_flag,확장,available_with_lag,,,,,,,False,U01B100000000|U01A111038600,True,R146
R147,활동성,회전율/운영효율,자기자본회전율,,매출액 / 평균자기자본,매출액,U01B100000000,매출액(수익)(IFRS)(천원)   매출액(수익)(IFRS)(천원)(IFRS)(천원),손익계산서,0,False,False,mapped,,,평균자기자본,U01A600000000,자본(IFRS)(천원)   자본(IFRS)(천원)(IFRS)(천원),재무상태표,0,True,False,mapped,,,True,True,False,회 또는 일수,높을수록 우량 가능,NaN,compute_with_flag,확장,available_with_lag,,,,,,,False,U01B100000000|U01A600000000,True,R147
R148,활동성,회전율/운영효율,타인자본회전율,,매출액 / 평균부채총계,매출액,U01B100000000,매출액(수익)(IFRS)(천원)   매출액(수익)(IFRS)(천원)(IFRS)(천원),손익계산서,0,False,False,mapped,,,평균부채총계,U01A800000000,부채(IFRS)(천원)   부채(IFRS)(천원)(IFRS)(천원),재무상태표,0,True,False,mapped,,,True,True,False,회 또는 일수,높을수록 우량,NaN,compute_with_flag,핵심,available_with_lag,,,,,,,False,U01B100000000|U01A800000000,True,R148
R150,활동성,회전율/운영효율,운전자본회전율,,매출액 / 평균순운전자본,매출액,U01B100000000,매출액(수익)(IFRS)(천원)   매출액(수익)(IFRS)(천원)(IFRS)(천원),손익계산서,0,False,False,mapped,,,평균순운전자본,U01A111038600+U01A811026000,순운전자본,DERIVED,0,True,False,derivable,유동자산 - 유동부채,유동자산|유동부채,True,True,False,회 또는 일수,높을수록 우량 가능,NaN,compute_with_flag,확장,available_derived,,,,,,,False,U01B100000000|U01A111038600+U01A811026000|유동자산|유동부채,True,R150
R152,활동성,회전율/운영효율,재고자산회전율,,매출원가 / 평균재고자산,매출원가,U01B200000000,매출원가(IFRS)(천원)   매출원가(IFRS)(천원)(IFRS)(천원),손익계산서,0,False,False,mapped,,,평균재고자산,U01A111038700,재고자산(IFRS)(천원)         재고자산(IFRS)(천원)(IFRS)(천원),재무상태표,0,True,False,mapped,,,True,True,False,회 또는 일수,높을수록 우량,NaN,compute_with_flag,핵심,available_with_lag,,,,,,,False,U01B200000000|U01A111038700,True,R152
R153,활동성,회전율/운영효율,매출채권회전율,,매출액 / 평균매출채권,매출액,U01B100000000,매출액(수익)(IFRS)(천원)   매출액(수익)(IFRS)(천원)(IFRS)(천원),손익계산서,0,False,False,mapped,,,평균매출채권,U01A111045400,매출채권 및 기타유동채권(IFRS)(천원)         매출채권 및 기타유동채권(IFRS)(천원)(IFRS)(천원),재무상태표,0,True,False,mapped,,,True,True,False,회 또는 일수,높을수록 우량,NaN,compute_with_flag,핵심,available_with_lag,,,,,,,False,U01B100000000|U01A111045400,True,R153
R154,활동성,회전율/운영효율,매입채무회전율,,매출원가 / 평균매입채무,매출원가,U01B200000000,매출원가(IFRS)(천원)   매출원가(IFRS)(천원)(IFRS)(천원),손익계산서,0,False,False,mapped,,,평균매입채무,U01A811030700,매입채무 및 기타유동채무(IFRS)(천원)         매입채무 및 기타유동채무(IFRS)(천원)(IFRS)(천원),재무상태표,0,True,False,mapped,,,True,True,False,회 또는 일수,상황별,NaN,compute_with_flag,확장,available_with_lag,,,,,,,False,U01B200000000|U01A811030700,True,R154
R155,활동성,회전율/운영효율,순영업운전자본회전율,,매출액 / 평균순영업운전자본,매출액,U01B100000000,매출액(수익)(IFRS)(천원)   매출액(수익)(IFRS)(천원)(IFRS)(천원),손익계산서,0,False,False,mapped,,,평균순영업운전자본,U01A111045400+U01A111038700+U01A811030700,순영업운전자본,DERIVED,0,True,False,derivable,매출채권 + 재고자산 - 매입채무,매출채권|재고자산|매입채무,True,True,False,회 또는 일수,높을수록 우량 가능,NaN,compute_with_flag,확장,available_derived,,,,,,,False,U01B100000000|U01A111045400+U01A111038700+U01A811030700|매출채권|재고자산|매입채무,True,R155
R156,활동성,회전율/운영효율,현금성자산회전율,,매출액 / 평균현금성자산,매출액,U01B100000000,매출액(수익)(IFRS)(천원)   매출액(수익)(IFRS)(천원)(IFRS)(천원),손익계산서,0,False,False,mapped,,,평균현금성자산,U01A111050000,현금및현금성자산(IFRS)(천원)         현금및현금성자산(IFRS)(천원)(IFRS)(천원),재무상태표,0,True,False,mapped,,,True,True,False,회 또는 일수,상황별,NaN,compute_with_flag,확장,available_with_lag,,,,,,,False,U01B100000000|U01A111050000,True,R156
R157,활동성,회전율/운영효율,자본금회전율,,매출액 / 평균자본금,매출액,U01B100000000,매출액(수익)(IFRS)(천원)   매출액(수익)(IFRS)(천원)(IFRS)(천원),손익계산서,0,False,False,mapped,,,평균자본금,U01A611000000,자본금(IFRS)(천원)      자본금(IFRS)(천원)(IFRS)(천원),재무상태표,0,True,False,mapped,,,True,True,False,회 또는 일수,상황별,NaN,compute_with_flag,확장,available_with_lag,,,,,,,False,U01B100000000|U01A611000000,True,R157
R158,활동성,회전율/운영효율,매출채권회전일수,,365 × 평균매출채권 / 매출액,평균매출채권 × 365,U01A111045400,매출채권 및 기타유동채권(IFRS)(천원)         매출채권 및 기타유동채권(IFRS)(천원)(IFRS)(천원),재무상태표,0,True,False,mapped,,,매출액,U01B100000000,매출액(수익)(IFRS)(천원)   매출액(수익)(IFRS)(천원)(IFRS)(천원),손익계산서,0,False,False,mapped,,,True,False,False,회 또는 일수,낮을수록 우량,NaN,compute_with_flag,확장,available_with_lag,,,,,,,False,U01A111045400|U01B100000000,True,R158
R159,활동성,회전율/운영효율,재고자산회전일수,,365 × 평균재고자산 / 매출원가,평균재고자산 × 365,U01A111038700,재고자산(IFRS)(천원)         재고자산(IFRS)(천원)(IFRS)(천원),재무상태표,0,True,False,mapped,,,매출원가,U01B200000000,매출원가(IFRS)(천원)   매출원가(IFRS)(천원)(IFRS)(천원),손익계산서,0,False,False,mapped,,,True,False,False,회 또는 일수,낮을수록 우량,NaN,compute_with_flag,확장,available_with_lag,,,,,,,False,U01A111038700|U01B200000000,True,R159
R160,활동성,회전율/운영효율,매입채무회전일수,,365 × 평균매입채무 / 매출원가,평균매입채무 × 365,U01A811030700,매입채무 및 기타유동채무(IFRS)(천원)         매입채무 및 기타유동채무(IFRS)(천원)(IFRS)(천원),재무상태표,0,True,False,mapped,,,매출원가,U01B200000000,매출원가(IFRS)(천원)   매출원가(IFRS)(천원)(IFRS)(천원),손익계산서,0,False,False,mapped,,,True,False,False,회 또는 일수,상황별,NaN,compute_with_flag,확장,available_with_lag,,,,,,,False,U01A811030700|U01B200000000,True,R160
R163,활동성,회전율/운영효율,재고보유기간,,365 × 평균재고자산 / 매출원가,평균재고자산 × 365,U01A111038700,재고자산(IFRS)(천원)         재고자산(IFRS)(천원)(IFRS)(천원),재무상태표,0,True,False,mapped,,,매출원가,U01B200000000,매출원가(IFRS)(천원)   매출원가(IFRS)(천원)(IFRS)(천원),손익계산서,0,False,False,mapped,,,True,False,False,회 또는 일수,낮을수록 우량,NaN,compute_with_flag,확장,available_with_lag,,R159,exact_value_alias,재고보유기간 is identical to 재고자산회전일수.,duplicate audit / exact-value or formula-equivalent review,Keep alias in Stage 2 audit outputs; exclude from Stage 3 final selection; canonicalize for simulator/evaluator.,True,U01A111038700|U01B200000000,False,R159
R164,활동성,회전율/운영효율,매출채권회수기간,,365 × 평균매출채권 / 매출액,평균매출채권 × 365,U01A111045400,매출채권 및 기타유동채권(IFRS)(천원)         매출채권 및 기타유동채권(IFRS)(천원)(IFRS)(천원),재무상태표,0,True,False,mapped,,,매출액,U01B100000000,매출액(수익)(IFRS)(천원)   매출액(수익)(IFRS)(천원)(IFRS)(천원),손익계산서,0,False,False,mapped,,,True,False,False,회 또는 일수,낮을수록 우량,NaN,compute_with_flag,확장,available_with_lag,,R158,exact_value_alias,매출채권회수기간 is identical to 매출채권회전일수.,duplicate audit / exact-value or formula-equivalent review,Keep alias in Stage 2 audit outputs; exclude from Stage 3 final selection; canonicalize for simulator/evaluator.,True,U01A111045400|U01B100000000,False,R158
R165,활동성,회전율/운영효율,매입채무지급기간,,365 × 평균매입채무 / 매출원가,평균매입채무 × 365,U01A811030700,매입채무 및 기타유동채무(IFRS)(천원)         매입채무 및 기타유동채무(IFRS)(천원)(IFRS)(천원),재무상태표,0,True,False,mapped,,,매출원가,U01B200000000,매출원가(IFRS)(천원)   매출원가(IFRS)(천원)(IFRS)(천원),손익계산서,0,False,False,mapped,,,True,False,False,회 또는 일수,상황별,NaN,compute_with_flag,확장,available_with_lag,,R160,exact_value_alias,매입채무지급기간 is identical to 매입채무회전일수.,duplicate audit / exact-value or formula-equivalent review,Keep alias in Stage 2 audit outputs; exclude from Stage 3 final selection; canonicalize for simulator/evaluator.,True,U01A811030700|U01B200000000,False,R160
R169,성장성,성장률/성장품질,매출액증가율,,매출액_t / 매출액_t-1 - 1,매출액_t,U01B100000000,매출액(수익)(IFRS)(천원)   매출액(수익)(IFRS)(천원)(IFRS)(천원),손익계산서,0,False,False,mapped,,,매출액_t-1,U01B100000000,매출액(수익)(IFRS)(천원)   매출액(수익)(IFRS)(천원)(IFRS)(천원),손익계산서,1,False,False,mapped,,,True,False,True,% 또는 차이,높을수록 우량 가능,NaN,NaN,핵심,available_with_lag,,,,,,,False,U01B100000000|U01B100000000,True,R169
R170,성장성,성장률/성장품질,매출총이익증가율,,매출총이익_t / 매출총이익_t-1 - 1,매출총이익_t,U01B201014400,매출총이익(손실)(IFRS)(천원)   매출총이익(손실)(IFRS)(천원)(IFRS)(천원),손익계산서,0,False,False,mapped,,,매출총이익_t-1,U01B201014400,매출총이익(손실)(IFRS)(천원)   매출총이익(손실)(IFRS)(천원)(IFRS)(천원),손익계산서,1,False,False,mapped,,,True,False,True,% 또는 차이,높을수록 우량,NaN,NaN,확장,available_with_lag,,,,,,,False,U01B201014400|U01B201014400,True,R170
R171,성장성,성장률/성장품질,영업이익증가율,,영업이익_t / 영업이익_t-1 - 1,영업이익_t,U01B430000000,* (정상)영업손익(계산수치)(IFRS)(천원)   * (정상)영업손익(계산수치)(IFRS)(천원)(IFRS)(천원),손익계산서,0,False,False,mapped,,,영업이익_t-1,U01B430000000,* (정상)영업손익(계산수치)(IFRS)(천원)   * (정상)영업손익(계산수치)(IFRS)(천원)(IFRS)(천원),손익계산서,1,False,False,mapped,,,True,False,True,% 또는 차이,높을수록 우량,NaN,NaN,핵심,available_with_lag,,,,,,,False,U01B430000000|U01B430000000,True,R171
R172,성장성,성장률/성장품질,정상영업이익증가율,,정상영업이익_t / 정상영업이익_t-1 - 1,정상영업이익_t,U01B430000000,* (정상)영업손익(계산수치)(IFRS)(천원)   * (정상)영업손익(계산수치)(IFRS)(천원)(IFRS)(천원),손익계산서,0,False,False,mapped,,,정상영업이익_t-1,U01B430000000,* (정상)영업손익(계산수치)(IFRS)(천원)   * (정상)영업손익(계산수치)(IFRS)(천원)(IFRS)(천원),손익계산서,1,False,False,mapped,,,True,False,True,% 또는 차이,높을수록 우량,NaN,NaN,확장,available_with_lag,,R171,exact_value_alias,정상영업이익증가율 maps to the same executable formula as 영업이익증가율.,duplicate audit / exact-value or formula-equivalent review,Keep alias in Stage 2 audit outputs; exclude from Stage 3 final selection; canonicalize for simulator/evaluator.,True,U01B430000000|U01B430000000,False,R171
R173,성장성,성장률/성장품질,EBIT증가율,,EBIT_t / EBIT_t-1 - 1,EBIT_t,U01B430000000,EBIT,DERIVED,0,False,False,derivable,영업이익,영업이익,EBIT_t-1,U01B430000000,EBIT,DERIVED,1,False,False,derivable,영업이익,영업이익,True,False,True,% 또는 차이,높을수록 우량,NaN,NaN,확장,available_derived,,R171,exact_value_alias,EBIT증가율 maps to the same executable formula as 영업이익증가율.,duplicate audit / exact-value or formula-equivalent review,Keep alias in Stage 2 audit outputs; exclude from Stage 3 final selection; canonicalize for simulator/evaluator.,True,U01B430000000|U01B430000000|영업이익|영업이익,False,R171
R174,성장성,성장률/성장품질,EBITDA증가율,,EBITDA_t / EBITDA_t-1 - 1,EBITDA_t,U01B430000000+U01B350014100+U01B350014300,EBITDA,DERIVED,0,False,False,derivable,영업이익 + 감가상각비 + 무형자산상각비,영업이익|감가상각비|무형자산상각비,EBITDA_t-1,U01B430000000+U01B350014100+U01B350014300,EBITDA,DERIVED,1,False,False,derivable,영업이익 + 감가상각비 + 무형자산상각비,영업이익|감가상각비|무형자산상각비,True,False,True,% 또는 차이,높을수록 우량,NaN,NaN,핵심,available_derived,,,,,,,False,U01B430000000+U01B350014100+U01B350014300|U01B430000000+U01B350014100+U01B350014300|영업이익|감가상각비|무형자산상각비|영업이익|감가상각비|무형자산상각비,True,R174
R175,성장성,성장률/성장품질,세전이익증가율,,세전이익_t / 세전이익_t-1 - 1,세전이익_t,U01B700000000,법인세비용차감전순이익(손실)(IFRS)(천원)   법인세비용차감전순이익(손실)(IFRS)(천원)(IFRS)(천원),손익계산서,0,False,False,mapped,,,세전이익_t-1,U01B700000000,법인세비용차감전순이익(손실)(IFRS)(천원)   법인세비용차감전순이익(손실)(IFRS)(천원)(IFRS)(천원),손익계산서,1,False,False,mapped,,,True,False,True,% 또는 차이,높을수록 우량,NaN,NaN,확장,available_with_lag,,,,,,,False,U01B700000000|U01B700000000,True,R175
R176,성장성,성장률/성장품질,순이익증가율,,당기순이익_t / 당기순이익_t-1 - 1,순이익_t,U01B840000000,당기순이익(손실)(IFRS)(천원)   당기순이익(손실)(IFRS)(천원)(IFRS)(천원),손익계산서,0,False,False,mapped,,,순이익_t-1,U01B840000000,당기순이익(손실)(IFRS)(천원)   당기순이익(손실)(IFRS)(천원)(IFRS)(천원),손익계산서,1,False,False,mapped,,,True,False,True,% 또는 차이,높을수록 우량,NaN,NaN,확장,available_with_lag,,,,,,,False,U01B840000000|U01B840000000,True,R176
R177,성장성,성장률/성장품질,총포괄이익증가율,,총포괄이익_t / 총포괄이익_t-1 - 1,총포괄이익_t,U01B900000000,총포괄손익(IFRS)(천원)   총포괄손익(IFRS)(천원)(IFRS)(천원),손익계산서,0,False,False,mapped,,,총포괄이익_t-1,U01B900000000,총포괄손익(IFRS)(천원)   총포괄손익(IFRS)(천원)(IFRS)(천원),손익계산서,1,False,False,mapped,,,True,False,True,% 또는 차이,높을수록 우량,NaN,NaN,확장,available_with_lag,,,,,,,False,U01B900000000|U01B900000000,True,R177
R178,성장성,성장률/성장품질,OCF증가율,,OCF_t / OCF_t-1 - 1,OCF_t,U01D100000000,영업활동으로 인한 현금흐름(간접법)(IFRS)(천원)   영업활동으로 인한 현금흐름(간접법)(IFRS)(천원)(IFRS)(천원),현금흐름표,0,False,False,mapped,,,OCF_t-1,U01D100000000,영업활동으로 인한 현금흐름(간접법)(IFRS)(천원)   영업활동으로 인한 현금흐름(간접법)(IFRS)(천원)(IFRS)(천원),현금흐름표,1,False,False,mapped,,,True,False,True,% 또는 차이,높을수록 우량,NaN,NaN,확장,available_with_lag,,,,,,,False,U01D100000000|U01D100000000,True,R178
R179,성장성,성장률/성장품질,FCF증가율,,FCF_t / FCF_t-1 - 1,FCF_t,U01D100000000+U01D206012400,FCF,DERIVED,0,False,False,derivable,영업활동현금흐름 - CAPEX,영업활동현금흐름|CAPEX_proxy,FCF_t-1,U01D100000000+U01D206012400,FCF,DERIVED,1,False,False,derivable,영업활동현금흐름 - CAPEX,영업활동현금흐름|CAPEX_proxy,True,False,True,% 또는 차이,높을수록 우량,NaN,NaN,확장,available_derived,,,,,,,False,U01D100000000+U01D206012400|U01D100000000+U01D206012400|영업활동현금흐름|CAPEX_proxy|영업활동현금흐름|CAPEX_proxy,True,R179
R180,성장성,성장률/성장품질,총자산증가율,,총자산_t / 총자산_t-1 - 1,총자산_t,U01A100000000,자산(IFRS)(천원)   자산(IFRS)(천원)(IFRS)(천원),재무상태표,0,False,False,mapped,,,총자산_t-1,U01A100000000,자산(IFRS)(천원)   자산(IFRS)(천원)(IFRS)(천원),재무상태표,1,False,False,mapped,,,True,False,True,% 또는 차이,높을수록 우량 가능,NaN,NaN,핵심,available_with_lag,,,,,,,False,U01A100000000|U01A100000000,True,R180
R181,성장성,성장률/성장품질,유동자산증가율,,유동자산_t / 유동자산_t-1 - 1,유동자산_t,U01A111038600,유동자산(IFRS)(천원)      유동자산(IFRS)(천원)(IFRS)(천원),재무상태표,0,False,False,mapped,,,유동자산_t-1,U01A111038600,유동자산(IFRS)(천원)      유동자산(IFRS)(천원)(IFRS)(천원),재무상태표,1,False,False,mapped,,,True,False,True,% 또는 차이,상황별,NaN,NaN,확장,available_with_lag,,,,,,,False,U01A111038600|U01A111038600,True,R181
R182,성장성,성장률/성장품질,비유동자산증가율,,비유동자산_t / 비유동자산_t-1 - 1,비유동자산_t,U01A110000000,비유동자산(IFRS)(천원)      비유동자산(IFRS)(천원)(IFRS)(천원),재무상태표,0,False,False,mapped,,,비유동자산_t-1,U01A110000000,비유동자산(IFRS)(천원)      비유동자산(IFRS)(천원)(IFRS)(천원),재무상태표,1,False,False,mapped,,,True,False,True,% 또는 차이,상황별,NaN,NaN,확장,available_with_lag,,,,,,,False,U01A110000000|U01A110000000,True,R182
R184,성장성,성장률/성장품질,자기자본증가율,,자기자본_t / 자기자본_t-1 - 1,자기자본_t,U01A600000000,자본(IFRS)(천원)   자본(IFRS)(천원)(IFRS)(천원),재무상태표,0,False,False,mapped,,,자기자본_t-1,U01A600000000,자본(IFRS)(천원)   자본(IFRS)(천원)(IFRS)(천원),재무상태표,1,False,False,mapped,,,True,False,True,% 또는 차이,높을수록 우량,NaN,NaN,핵심,available_with_lag,,,,,,,False,U01A600000000|U01A600000000,True,R184
R185,성장성,성장률/성장품질,이익잉여금증가율,,이익잉여금_t / 이익잉여금_t-1 - 1,이익잉여금_t,U01A615000000,이익잉여금(결손금)(IFRS)(천원)      이익잉여금(결손금)(IFRS)(천원)(IFRS)(천원),재무상태표,0,False,False,mapped,,,이익잉여금_t-1,U01A615000000,이익잉여금(결손금)(IFRS)(천원)      이익잉여금(결손금)(IFRS)(천원)(IFRS)(천원),재무상태표,1,False,False,mapped,,,True,False,True,% 또는 차이,높을수록 우량,NaN,NaN,확장,available_with_lag,,R241,exact_value_alias,R185 and R241 are both 이익잉여금증가율 and value-identical in current Stage00_02 artifacts; keep R241 as current canonical selected growth variable.,duplicate audit / exact-value review,R185 weak-growth prior/floor policy must transfer to R241.,True,U01A615000000|U01A615000000,False,R241
R186,성장성,성장률/성장품질,총차입금증가율,,총차입금_t / 총차입금_t-1 - 1,총차입금_t,U01A811026700+U01A811012800+U01A811000000+U01A811027400,총차입금,DERIVED,0,False,False,derivable,단기차입금 + 장기차입금 + 사채 + 유동성장기부채,단기차입금|장기차입금|사채|유동성장기부채,총차입금_t-1,U01A811026700+U01A811012800+U01A811000000+U01A811027400,총차입금,DERIVED,1,False,False,derivable,단기차입금 + 장기차입금 + 사채 + 유동성장기부채,단기차입금|장기차입금|사채|유동성장기부채,True,False,True,% 또는 차이,낮을수록 우량 가능,NaN,NaN,확장,available_derived,,,,,,,False,U01A811026700+U01A811012800+U01A811000000+U01A811027400|U01A811026700+U01A811012800+U01A811000000+U01A811027400|단기차입금|장기차입금|사채|유동성장기부채|단기차입금|장기차입금|사채|유동성장기부채,True,R186
R187,성장성,성장률/성장품질,순차입금증가율,,순차입금_t / 순차입금_t-1 - 1,순차입금_t,U01A811026700+U01A811012800+U01A811000000+U01A111050000+U01A811027400,순차입금,DERIVED,0,False,False,derivable,총차입금 - 현금및현금성자산,단기차입금|장기차입금|사채|현금및현금성자산|유동성장기부채,순차입금_t-1,U01A811026700+U01A811012800+U01A811000000+U01A111050000+U01A811027400,순차입금,DERIVED,1,False,False,derivable,총차입금 - 현금및현금성자산,단기차입금|장기차입금|사채|현금및현금성자산|유동성장기부채,True,False,True,% 또는 차이,낮을수록 우량 가능,NaN,NaN,확장,available_derived,,,,,,,False,U01A811026700+U01A811012800+U01A811000000+U01A111050000+U01A811027400|U01A811026700+U01A811012800+U01A811000000+U01A111050000+U01A811027400|단기차입금|장기차입금|사채|현금및현금성자산|유동성장기부채|단기차입금|장기차입금|사채|현금및현금성자산|유동성장기부채,True,R187
R188,성장성,성장률/성장품질,CAPEX증가율,,CAPEX_t / CAPEX_t-1 - 1,CAPEX_t,U01D206012400,CAPEX,DERIVED,0,False,False,derivable,현금흐름표 유형자산 취득,CAPEX_proxy,CAPEX_t-1,U01D206012400,CAPEX,DERIVED,1,False,False,derivable,현금흐름표 유형자산 취득,CAPEX_proxy,True,False,True,% 또는 차이,산업별,NaN,NaN,확장,available_derived,,,,,,,False,U01D206012400|U01D206012400|CAPEX_proxy|CAPEX_proxy,True,R188
R196,성장성,성장률/성장품질,매출-자산 성장괴리,,매출액증가율 - 총자산증가율,매출액증가율,U01B100000000,매출액(수익)(IFRS)(천원)   매출액(수익)(IFRS)(천원)(IFRS)(천원),손익계산서,0,False,True,mapped,,,총자산증가율,U01A100000000,자산(IFRS)(천원)   자산(IFRS)(천원)(IFRS)(천원),재무상태표,0,False,True,mapped,,,True,False,True,% 또는 차이,높을수록 우량 가능,NaN,NaN,확장,available_with_lag,,,,,,,False,U01B100000000|U01A100000000,True,R196
R197,성장성,성장률/성장품질,영업이익-매출 성장괴리,,영업이익증가율 - 매출액증가율,영업이익증가율,U01B430000000,* (정상)영업손익(계산수치)(IFRS)(천원)   * (정상)영업손익(계산수치)(IFRS)(천원)(IFRS)(천원),손익계산서,0,False,True,mapped,,,매출액증가율,U01B100000000,매출액(수익)(IFRS)(천원)   매출액(수익)(IFRS)(천원)(IFRS)(천원),손익계산서,0,False,True,mapped,,,True,False,True,% 또는 차이,높을수록 우량,NaN,NaN,확장,available_with_lag,,,,,,,False,U01B430000000|U01B100000000,True,R197
R198,성장성,성장률/성장품질,EBITDA-매출 성장괴리,,EBITDA증가율 - 매출액증가율,EBITDA증가율,U01B430000000+U01B350014100+U01B350014300,EBITDA,DERIVED,0,False,True,derivable,영업이익 + 감가상각비 + 무형자산상각비,영업이익|감가상각비|무형자산상각비,매출액증가율,U01B100000000,매출액(수익)(IFRS)(천원)   매출액(수익)(IFRS)(천원)(IFRS)(천원),손익계산서,0,False,True,mapped,,,True,False,True,% 또는 차이,높을수록 우량,NaN,NaN,확장,available_derived,,,,,,,False,U01B430000000+U01B350014100+U01B350014300|U01B100000000|영업이익|감가상각비|무형자산상각비,True,R198
R199,성장성,성장률/성장품질,차입금-매출 성장괴리,,총차입금증가율 - 매출액증가율,총차입금증가율,U01A811026700+U01A811012800+U01A811000000+U01A811027400,총차입금,DERIVED,0,False,True,derivable,단기차입금 + 장기차입금 + 사채 + 유동성장기부채,단기차입금|장기차입금|사채|유동성장기부채,매출액증가율,U01B100000000,매출액(수익)(IFRS)(천원)   매출액(수익)(IFRS)(천원)(IFRS)(천원),손익계산서,0,False,True,mapped,,,True,False,True,% 또는 차이,낮을수록 우량,NaN,NaN,확장,available_derived,,,,,,,False,U01A811026700+U01A811012800+U01A811000000+U01A811027400|U01B100000000|단기차입금|장기차입금|사채|유동성장기부채,True,R199
R200,성장성,성장률/성장품질,순차입금-EBITDA 성장괴리,,순차입금증가율 - EBITDA증가율,순차입금증가율,U01A811026700+U01A811012800+U01A811000000+U01A111050000+U01A811027400,순차입금,DERIVED,0,False,True,derivable,총차입금 - 현금및현금성자산,단기차입금|장기차입금|사채|현금및현금성자산|유동성장기부채,EBITDA증가율,U01B430000000+U01B350014100+U01B350014300,EBITDA,DERIVED,0,False,True,derivable,영업이익 + 감가상각비 + 무형자산상각비,영업이익|감가상각비|무형자산상각비,True,False,True,% 또는 차이,낮을수록 우량,NaN,NaN,확장,available_derived,,,,,,,False,U01A811026700+U01A811012800+U01A811000000+U01A111050000+U01A811027400|U01B430000000+U01B350014100+U01B350014300|단기차입금|장기차입금|사채|현금및현금성자산|유동성장기부채|영업이익|감가상각비|무형자산상각비,True,R200
R201,성장성,성장률/성장품질,자기자본-총자산 성장괴리,,자기자본증가율 - 총자산증가율,자기자본증가율,U01A600000000,자본(IFRS)(천원)   자본(IFRS)(천원)(IFRS)(천원),재무상태표,0,False,True,mapped,,,총자산증가율,U01A100000000,자산(IFRS)(천원)   자산(IFRS)(천원)(IFRS)(천원),재무상태표,0,False,True,mapped,,,True,False,True,% 또는 차이,높을수록 우량,NaN,NaN,확장,available_with_lag,,,,,,,False,U01A600000000|U01A100000000,True,R201
R202,성장성,성장률/성장품질,OCF-매출 성장괴리,,OCF증가율 - 매출액증가율,OCF증가율,U01D100000000,영업활동으로 인한 현금흐름(간접법)(IFRS)(천원)   영업활동으로 인한 현금흐름(간접법)(IFRS)(천원)(IFRS)(천원),현금흐름표,0,False,True,mapped,,,매출액증가율,U01B100000000,매출액(수익)(IFRS)(천원)   매출액(수익)(IFRS)(천원)(IFRS)(천원),손익계산서,0,False,True,mapped,,,True,False,True,% 또는 차이,높을수록 우량,NaN,NaN,확장,available_with_lag,,,,,,,False,U01D100000000|U01B100000000,True,R202
R203,성장성,성장률/성장품질,FCF-매출 성장괴리,,FCF증가율 - 매출액증가율,FCF증가율,U01D100000000+U01D206012400,FCF,DERIVED,0,False,True,derivable,영업활동현금흐름 - CAPEX,영업활동현금흐름|CAPEX_proxy,매출액증가율,U01B100000000,매출액(수익)(IFRS)(천원)   매출액(수익)(IFRS)(천원)(IFRS)(천원),손익계산서,0,False,True,mapped,,,True,False,True,% 또는 차이,높을수록 우량,NaN,NaN,확장,available_derived,,,,,,,False,U01D100000000+U01D206012400|U01B100000000|영업활동현금흐름|CAPEX_proxy,True,R203
R204,성장성,성장률/성장품질,투자부담률,,CAPEX / 매출액,CAPEX,U01D206012400,CAPEX,DERIVED,0,False,False,derivable,현금흐름표 유형자산 취득,CAPEX_proxy,매출액,U01B100000000,매출액(수익)(IFRS)(천원)   매출액(수익)(IFRS)(천원)(IFRS)(천원),손익계산서,0,False,False,mapped,,,False,False,False,% 또는 차이,상황별,NaN,NaN,확장,available_derived,,,,,,,False,U01D206012400|U01B100000000|CAPEX_proxy,True,R204
R205,성장성,성장률/성장품질,CAPEX/감가상각비,,CAPEX / 감가상각비,CAPEX,U01D206012400,CAPEX,DERIVED,0,False,False,derivable,현금흐름표 유형자산 취득,CAPEX_proxy,감가상각비,U01B350014100,감가상각비(IFRS)(천원)      감가상각비(IFRS)(천원)(IFRS)(천원),손익계산서,0,False,False,mapped,,,False,False,False,% 또는 차이,높을수록 성장 투자 가능,NaN,NaN,확장,available_derived,,,,,,,False,U01D206012400|U01B350014100|CAPEX_proxy,True,R205
R210,기타/복합,복합후보,Altman 운전자본/총자산,,(유동자산 - 유동부채) / 총자산,순운전자본,U01A111038600+U01A811026000,순운전자본,DERIVED,0,False,False,derivable,유동자산 - 유동부채,유동자산|유동부채,총자산,U01A100000000,자산(IFRS)(천원)   자산(IFRS)(천원)(IFRS)(천원),재무상태표,0,False,False,mapped,,,False,False,False,% 또는 배,높을수록 우량,NaN,compute_with_flag,확장,available_derived,,R076,exact_value_alias,Altman 운전자본/총자산 is identical to 순운전자본/총자산.,duplicate audit / exact-value or formula-equivalent review,Keep alias in Stage 2 audit outputs; exclude from Stage 3 final selection; canonicalize for simulator/evaluator.,True,U01A111038600+U01A811026000|U01A100000000|유동자산|유동부채,False,R076
R211,기타/복합,복합후보,Altman 이익잉여금/총자산,,이익잉여금 / 총자산,이익잉여금,U01A615000000,이익잉여금(결손금)(IFRS)(천원)      이익잉여금(결손금)(IFRS)(천원)(IFRS)(천원),재무상태표,0,False,False,mapped,,,총자산,U01A100000000,자산(IFRS)(천원)   자산(IFRS)(천원)(IFRS)(천원),재무상태표,0,False,False,mapped,,,False,False,False,% 또는 배,높을수록 우량,NaN,compute_with_flag,확장,available_direct,,R064,exact_value_alias,Altman 이익잉여금/총자산 is identical to 이익잉여금/총자산.,duplicate audit / exact-value or formula-equivalent review,Keep alias in Stage 2 audit outputs; exclude from Stage 3 final selection; canonicalize for simulator/evaluator.,True,U01A615000000|U01A100000000,False,R064
R212,기타/복합,복합후보,Altman EBIT/총자산,,EBIT / 총자산,EBIT,U01B430000000,EBIT,DERIVED,0,False,False,derivable,영업이익,영업이익,총자산,U01A100000000,자산(IFRS)(천원)   자산(IFRS)(천원)(IFRS)(천원),재무상태표,0,False,False,mapped,,,False,False,False,% 또는 배,높을수록 우량,NaN,compute_with_flag,확장,available_derived,,,,,,,False,U01B430000000|U01A100000000|영업이익,True,R212
R213,기타/복합,복합후보,Altman 매출액/총자산,,매출액 / 총자산,매출액,U01B100000000,매출액(수익)(IFRS)(천원)   매출액(수익)(IFRS)(천원)(IFRS)(천원),손익계산서,0,False,False,mapped,,,총자산,U01A100000000,자산(IFRS)(천원)   자산(IFRS)(천원)(IFRS)(천원),재무상태표,0,False,False,mapped,,,False,False,False,% 또는 배,높을수록 우량,NaN,compute_with_flag,확장,available_direct,,,,,,,False,U01B100000000|U01A100000000,True,R213
R214,기타/복합,복합후보,OCF/총자산,,영업활동현금흐름 / 총자산,OCF,U01D100000000,영업활동으로 인한 현금흐름(간접법)(IFRS)(천원)   영업활동으로 인한 현금흐름(간접법)(IFRS)(천원)(IFRS)(천원),현금흐름표,0,False,False,mapped,,,총자산,U01A100000000,자산(IFRS)(천원)   자산(IFRS)(천원)(IFRS)(천원),재무상태표,0,False,False,mapped,,,False,False,False,% 또는 배,높을수록 우량,NaN,compute_with_flag,확장,available_direct,,,,,,,False,U01D100000000|U01A100000000,True,R214
R215,기타/복합,복합후보,FCF/총자산,,FCF / 총자산,FCF,U01D100000000+U01D206012400,FCF,DERIVED,0,False,False,derivable,영업활동현금흐름 - CAPEX,영업활동현금흐름|CAPEX_proxy,총자산,U01A100000000,자산(IFRS)(천원)   자산(IFRS)(천원)(IFRS)(천원),재무상태표,0,False,False,mapped,,,False,False,False,% 또는 배,높을수록 우량,NaN,compute_with_flag,확장,available_derived,,,,,,,False,U01D100000000+U01D206012400|U01A100000000|영업활동현금흐름|CAPEX_proxy,True,R215
R216,기타/복합,복합후보,OCF/매출액,,OCF / 매출액,OCF,U01D100000000,영업활동으로 인한 현금흐름(간접법)(IFRS)(천원)   영업활동으로 인한 현금흐름(간접법)(IFRS)(천원)(IFRS)(천원),현금흐름표,0,False,False,mapped,,,매출액,U01B100000000,매출액(수익)(IFRS)(천원)   매출액(수익)(IFRS)(천원)(IFRS)(천원),손익계산서,0,False,False,mapped,,,False,False,False,% 또는 배,높을수록 우량,NaN,compute_with_flag,확장,available_direct,,R010,exact_value_alias,OCF/매출액 is identical to 영업현금흐름마진.,duplicate audit / exact-value or formula-equivalent review,Keep alias in Stage 2 audit outputs; exclude from Stage 3 final selection; canonicalize for simulator/evaluator.,True,U01D100000000|U01B100000000,False,R010
R217,기타/복합,복합후보,FCF/매출액,,FCF / 매출액,FCF,U01D100000000+U01D206012400,FCF,DERIVED,0,False,False,derivable,영업활동현금흐름 - CAPEX,영업활동현금흐름|CAPEX_proxy,매출액,U01B100000000,매출액(수익)(IFRS)(천원)   매출액(수익)(IFRS)(천원)(IFRS)(천원),손익계산서,0,False,False,mapped,,,False,False,False,% 또는 배,높을수록 우량,NaN,compute_with_flag,확장,available_derived,,,,,,,False,U01D100000000+U01D206012400|U01B100000000|영업활동현금흐름|CAPEX_proxy,True,R217
R218,기타/복합,복합후보,CAPEX/OCF,,CAPEX / OCF,CAPEX,U01D206012400,CAPEX,DERIVED,0,False,False,derivable,현금흐름표 유형자산 취득,CAPEX_proxy,OCF,U01D100000000,영업활동으로 인한 현금흐름(간접법)(IFRS)(천원)   영업활동으로 인한 현금흐름(간접법)(IFRS)(천원)(IFRS)(천원),현금흐름표,0,False,False,mapped,,,False,False,False,% 또는 배,낮을수록 우량 가능,NaN,compute_with_flag,확장,available_derived,,,,,,,False,U01D206012400|U01D100000000|CAPEX_proxy,True,R218
R219,기타/복합,복합후보,CAPEX/EBITDA,,CAPEX / EBITDA,CAPEX,U01D206012400,CAPEX,DERIVED,0,False,False,derivable,현금흐름표 유형자산 취득,CAPEX_proxy,EBITDA,U01B430000000+U01B350014100+U01B350014300,EBITDA,DERIVED,0,False,False,derivable,영업이익 + 감가상각비 + 무형자산상각비,영업이익|감가상각비|무형자산상각비,False,False,False,% 또는 배,낮을수록 우량 가능,NaN,compute_with_flag,확장,available_derived,,,,,,,False,U01D206012400|U01B430000000+U01B350014100+U01B350014300|CAPEX_proxy|영업이익|감가상각비|무형자산상각비,True,R219
R220,CF_품질,현금창출력,OCF/순이익 비율,,영업활동현금흐름 / 당기순이익,영업활동현금흐름,U01D100000000,영업활동으로 인한 현금흐름(간접법)(IFRS)(천원)   영업활동으로 인한 현금흐름(간접법)(IFRS)(천원)(IFRS)(천원),현금흐름표,0,False,False,mapped,,,당기순이익,U01B840000000,당기순이익(손실)(IFRS)(천원)   당기순이익(손실)(IFRS)(천원)(IFRS)(천원),손익계산서,0,False,False,mapped,,,False,False,False,배수,높을수록 우량,NaN,compute_with_flag,확장,available_direct,,,,,,,False,U01D100000000|U01B840000000,True,R220
R221,CF_품질,현금창출력,OCF마진,,영업활동현금흐름 / 매출액,영업활동현금흐름,U01D100000000,영업활동으로 인한 현금흐름(간접법)(IFRS)(천원)   영업활동으로 인한 현금흐름(간접법)(IFRS)(천원)(IFRS)(천원),현금흐름표,0,False,False,mapped,,,매출액,U01B100000000,매출액(수익)(IFRS)(천원)   매출액(수익)(IFRS)(천원)(IFRS)(천원),손익계산서,0,False,False,mapped,,,False,False,False,%,높을수록 우량,NaN,compute_with_flag,확장,available_direct,,,,,,,False,U01D100000000|U01B100000000,True,R221
R222,CF_품질,잉여현금흐름,FCF/총자산,,(영업활동현금흐름-CAPEX) / 총자산,영업활동현금흐름-CAPEX_proxy,,영업활동현금흐름-CAPEX_proxy,,0,False,False,ambiguous,,,총자산,U01A100000000,자산(IFRS)(천원)   자산(IFRS)(천원)(IFRS)(천원),재무상태표,0,False,False,mapped,,,False,False,False,%,높을수록 우량,NaN,compute_with_flag,확장,ambiguous,,,,,,,False,U01A100000000,True,R222
R223,CF_품질,CAPEX강도,CAPEX/감가상각비,,유형자산취득 / 감가상각비,CAPEX_proxy,,CAPEX_proxy,,0,False,False,unknown,,,감가상각비,U01B350014100,감가상각비(IFRS)(천원)      감가상각비(IFRS)(천원)(IFRS)(천원),손익계산서,0,False,False,mapped,,,False,False,False,배수,중립,NaN,compute_with_flag,확장,unknown,,,,,,,False,U01B350014100,True,R223
R224,CF_품질,CAPEX강도,CAPEX/총자산,,유형자산취득 / 총자산,CAPEX_proxy,,CAPEX_proxy,,0,False,False,unknown,,,총자산,U01A100000000,자산(IFRS)(천원)   자산(IFRS)(천원)(IFRS)(천원),재무상태표,0,False,False,mapped,,,False,False,False,%,중립,NaN,compute_with_flag,확장,unknown,,,,,,,False,U01A100000000,True,R224
R225,CF_품질,이자커버리지(CF),OCF이자보상배율,,영업활동현금흐름 / 금융비용,영업활동현금흐름,U01D100000000,영업활동으로 인한 현금흐름(간접법)(IFRS)(천원)   영업활동으로 인한 현금흐름(간접법)(IFRS)(천원)(IFRS)(천원),현금흐름표,0,False,False,mapped,,,금융비용,U01B550000000,금융원가(IFRS)(천원)   금융원가(IFRS)(천원)(IFRS)(천원),손익계산서,0,False,False,mapped,,,False,False,False,배수,높을수록 우량,NaN,compute_with_flag,확장,available_direct,,,,,,,False,U01D100000000|U01B550000000,True,R225
R226,자본효율성,이익유보,이익잉여금/총자산,,이익잉여금 / 총자산,이익잉여금,U01A615000000,이익잉여금(결손금)(IFRS)(천원)      이익잉여금(결손금)(IFRS)(천원)(IFRS)(천원),재무상태표,0,False,False,mapped,,,총자산,U01A100000000,자산(IFRS)(천원)   자산(IFRS)(천원)(IFRS)(천원),재무상태표,0,False,False,mapped,,,False,False,False,%,높을수록 우량,NaN,compute_with_flag,확장,available_direct,,,,,,,False,U01A615000000|U01A100000000,True,R226
R227,자본효율성,이익유보,이익잉여금/자본,,이익잉여금 / 자본총계,이익잉여금,U01A615000000,이익잉여금(결손금)(IFRS)(천원)      이익잉여금(결손금)(IFRS)(천원)(IFRS)(천원),재무상태표,0,False,False,mapped,,,자본총계,U01A600000000,자본(IFRS)(천원)   자본(IFRS)(천원)(IFRS)(천원),재무상태표,0,False,False,mapped,,,False,False,False,%,높을수록 우량,NaN,compute_with_flag,확장,available_direct,,,,,,,False,U01A615000000|U01A600000000,True,R227
R228,자본효율성,자산효율성,OCF/총자산(평균),,영업활동현금흐름 / 평균총자산,영업활동현금흐름,U01D100000000,영업활동으로 인한 현금흐름(간접법)(IFRS)(천원)   영업활동으로 인한 현금흐름(간접법)(IFRS)(천원)(IFRS)(천원),현금흐름표,0,False,False,mapped,,,총자산,U01A100000000,자산(IFRS)(천원)   자산(IFRS)(천원)(IFRS)(천원),재무상태표,0,False,False,mapped,,,False,False,False,%,높을수록 우량,NaN,compute_with_flag,확장,available_direct,,,,,,,False,U01D100000000|U01A100000000,True,R228
R229,자본효율성,배당지급능력,배당성향(CF),,현금배당 / 영업활동현금흐름,현금배당_proxy,,현금배당_proxy,,0,False,False,unknown,,,영업활동현금흐름,U01D100000000,영업활동으로 인한 현금흐름(간접법)(IFRS)(천원)   영업활동으로 인한 현금흐름(간접법)(IFRS)(천원)(IFRS)(천원),현금흐름표,0,False,False,mapped,,,False,False,False,%,낮을수록 우량,NaN,compute_with_flag,확장,unknown,,,,,,,False,U01D100000000,True,R229
R230,IFRS16_리스,리스부채비율,리스부채/총자산,,리스부채 / 총자산,리스부채_proxy,,리스부채_proxy,,0,False,False,unknown,,,총자산,U01A100000000,자산(IFRS)(천원)   자산(IFRS)(천원)(IFRS)(천원),재무상태표,0,False,False,mapped,,,False,False,False,%,낮을수록 우량,NaN,compute_with_flag,확장,unknown,,,,,,,False,U01A100000000,True,R230
R231,IFRS16_리스,리스부채비율,리스부채/자본,,리스부채 / 자본총계,리스부채_proxy,,리스부채_proxy,,0,False,False,unknown,,,자본총계,U01A600000000,자본(IFRS)(천원)   자본(IFRS)(천원)(IFRS)(천원),재무상태표,0,False,False,mapped,,,False,False,False,%,낮을수록 우량,NaN,compute_with_flag,확장,unknown,,,,,,,False,U01A600000000,True,R231
R232,IFRS16_리스,리스커버리지,OCF/리스부채,,영업활동현금흐름 / 리스부채,영업활동현금흐름,U01D100000000,영업활동으로 인한 현금흐름(간접법)(IFRS)(천원)   영업활동으로 인한 현금흐름(간접법)(IFRS)(천원)(IFRS)(천원),현금흐름표,0,False,False,mapped,,,리스부채_proxy,,리스부채_proxy,,0,False,False,unknown,,,False,False,False,배수,높을수록 우량,NaN,compute_with_flag,확장,unknown,,,,,,,False,U01D100000000,True,R232
R233,무형자산_RD,무형자산비율,무형자산/총자산,,무형자산 / 총자산,무형자산,,무형자산,,0,False,False,ambiguous,,,총자산,U01A100000000,자산(IFRS)(천원)   자산(IFRS)(천원)(IFRS)(천원),재무상태표,0,False,False,mapped,,,False,False,False,%,중립,NaN,compute_with_flag,확장,ambiguous,,,,,,,False,U01A100000000,True,R233
R234,무형자산_RD,RD강도,R&D비용/매출액,,연구개발비 / 매출액,RD비용_proxy,,RD비용_proxy,,0,False,False,unknown,,,매출액,U01B100000000,매출액(수익)(IFRS)(천원)   매출액(수익)(IFRS)(천원)(IFRS)(천원),손익계산서,0,False,False,mapped,,,False,False,False,%,중립,NaN,compute_with_flag,확장,unknown,,,,,,,False,U01B100000000,True,R234
R235,무형자산_RD,영업권비율,영업권/총자산,,영업권 / 총자산,영업권_proxy,,영업권_proxy,,0,False,False,unknown,,,총자산,U01A100000000,자산(IFRS)(천원)   자산(IFRS)(천원)(IFRS)(천원),재무상태표,0,False,False,mapped,,,False,False,False,%,낮을수록 우량,NaN,compute_with_flag,확장,unknown,,,,,,,False,U01A100000000,True,R235
R236,활동성,매입채무회전율,매입채무회전율,,매출원가 / 평균매입채무,매출원가,U01B200000000,매출원가(IFRS)(천원)   매출원가(IFRS)(천원)(IFRS)(천원),손익계산서,0,False,False,mapped,,,매입채무,U01A811030700,매입채무 및 기타유동채무(IFRS)(천원)         매입채무 및 기타유동채무(IFRS)(천원)(IFRS)(천원),재무상태표,0,False,False,mapped,,,False,False,False,회,중립,NaN,compute_with_flag,확장,available_direct,,,,,,,False,U01B200000000|U01A811030700,True,R236
R237,활동성,매출채권회전율,매출채권회전율,,매출액 / 평균매출채권,매출액,U01B100000000,매출액(수익)(IFRS)(천원)   매출액(수익)(IFRS)(천원)(IFRS)(천원),손익계산서,0,False,False,mapped,,,매출채권,U01A111045400,매출채권 및 기타유동채권(IFRS)(천원)         매출채권 및 기타유동채권(IFRS)(천원)(IFRS)(천원),재무상태표,0,False,False,mapped,,,False,False,False,회,높을수록 우량,NaN,compute_with_flag,확장,available_direct,,,,,,,False,U01B100000000|U01A111045400,True,R237
R238,활동성,재고자산회전율,재고자산회전율,,매출원가 / 평균재고자산,매출원가,U01B200000000,매출원가(IFRS)(천원)   매출원가(IFRS)(천원)(IFRS)(천원),손익계산서,0,False,False,mapped,,,재고자산,U01A111038700,재고자산(IFRS)(천원)         재고자산(IFRS)(천원)(IFRS)(천원),재무상태표,0,False,False,mapped,,,False,False,False,회,높을수록 우량,NaN,compute_with_flag,확장,available_direct,,,,,,,False,U01B200000000|U01A111038700,True,R238
R239,성장성,OCF성장률,OCF성장률,,(당기OCF - 전기OCF) / |전기OCF|,영업활동현금흐름,U01D100000000,영업활동으로 인한 현금흐름(간접법)(IFRS)(천원)   영업활동으로 인한 현금흐름(간접법)(IFRS)(천원)(IFRS)(천원),현금흐름표,0,False,False,mapped,,,영업활동현금흐름,U01D100000000,영업활동으로 인한 현금흐름(간접법)(IFRS)(천원)   영업활동으로 인한 현금흐름(간접법)(IFRS)(천원)(IFRS)(천원),현금흐름표,0,False,False,mapped,,,False,False,False,%,높을수록 우량,NaN,NaN,확장,available_direct,,,,,,,False,U01D100000000|U01D100000000,True,R239
R240,성장성,총자산성장률,총자산성장률,,(당기총자산 - 전기총자산) / 전기총자산,총자산,U01A100000000,자산(IFRS)(천원)   자산(IFRS)(천원)(IFRS)(천원),재무상태표,0,False,False,mapped,,,총자산,U01A100000000,자산(IFRS)(천원)   자산(IFRS)(천원)(IFRS)(천원),재무상태표,0,False,False,mapped,,,False,False,False,%,중립,NaN,NaN,확장,available_direct,,,,,,,False,U01A100000000|U01A100000000,True,R240
R241,성장성,이익잉여금성장률,이익잉여금증가율,,(당기RE - 전기RE) / |전기RE|,이익잉여금,U01A615000000,이익잉여금(결손금)(IFRS)(천원)      이익잉여금(결손금)(IFRS)(천원)(IFRS)(천원),재무상태표,0,False,False,mapped,,,이익잉여금,U01A615000000,이익잉여금(결손금)(IFRS)(천원)      이익잉여금(결손금)(IFRS)(천원)(IFRS)(천원),재무상태표,0,False,False,mapped,,,False,False,True,%,높을수록 우량,NaN,NaN,확장,available_direct,,,,,,,False,U01A615000000|U01A615000000,True,R241
